Date,Product,DayOfWeek,UnitsSold,UnitPrice,Revenue,MarketingSpend,CompetitorPriceIndex,WebSearchInterest,IsPromo,IsHoliday,Day,Month,Quarter,WeekOfYear,MarketingSpend_lag1,WebSearchInterest_lag2,UnitsSold_roll_mean_7,UnitsSold_roll_std_7,UnitsSold_roll_mean_30,UnitsSold_roll_std_30
2023-01-30,EcoFit Smart Bottle,0,216,250,54000,7423.45,103.3,57.9,1,0,30,1,1,5,4369.66,48.2,189.7142857,20.97390669,175.3333333,19.56480537
2023-01-31,EcoFit Smart Bottle,1,194,250,48500,4430.18,104.9,53.4,0,0,31,1,1,5,7423.45,51.7,194.8571429,15.63573441,174.7,18.58651717
2023-02-01,EcoFit Smart Bottle,2,181,250,45250,2682.1,105.1,53.7,0,0,1,2,1,5,4430.18,57.9,196.5714286,12.71294803,175.2666667,18.5080287
2023-02-02,EcoFit Smart Bottle,3,231,250,57750,2260.21,105.1,52.7,1,0,2,2,1,5,2682.1,53.4,201.4285714,18.21041042,177.4,21.03789684
2023-02-03,EcoFit Smart Bottle,4,177,250,44250,5795.54,104.8,63,0,0,3,2,1,5,2260.21,53.7,197.8571429,20.39957983,177.8333333,20.88570429
2023-02-04,EcoFit Smart Bottle,5,236,250,59000,5862.53,105.7,53.3,1,0,4,2,1,5,5795.54,52.7,205.7142857,23.22150071,179.9333333,23.39898809
2023-02-05,EcoFit Smart Bottle,6,227,250,56750,5233.59,106.7,58.2,0,0,5,2,1,5,5862.53,63,208.8571429,24.55896694,181.9666667,24.75742081
2023-02-06,EcoFit Smart Bottle,0,188,250,47000,3218.46,107.1,56,0,0,6,2,1,6,5233.59,53.3,204.8571429,25.46519567,182.5666667,24.67538678
2023-02-07,EcoFit Smart Bottle,1,179,250,44750,2390.69,107.8,47.5,0,0,7,2,1,6,3218.46,58.2,202.7142857,27.10912691,182.7,24.64387733
2023-02-08,EcoFit Smart Bottle,2,183,250,45750,4736.93,107,54.7,0,0,8,2,1,6,2390.69,56,203,26.85144316,183.5,24.23413096
2023-02-09,EcoFit Smart Bottle,3,177,250,44250,3760.61,106.1,45.2,0,0,9,2,1,6,4736.93,47.5,195.2857143,25.17084481,184.2333333,23.66822886
2023-02-10,EcoFit Smart Bottle,4,200,250,50000,2488.15,106.8,56.1,0,0,10,2,1,6,3760.61,54.7,198.5714286,23.85272272,184.1,23.56407259
2023-02-11,EcoFit Smart Bottle,5,194,250,48500,3980.71,106.7,53.7,0,0,11,2,1,6,2488.15,45.2,192.5714286,17.23230632,184.9666667,23.42925276
2023-02-12,EcoFit Smart Bottle,6,207,250,51750,6376.63,107.2,63.8,0,0,12,2,1,6,3980.71,56.1,189.7142857,11.16115713,186.1,23.65171132
2023-02-13,EcoFit Smart Bottle,0,199,250,49750,5637.28,106.8,59.4,0,0,13,2,1,7,6376.63,53.7,191.2857143,11.64351444,185.9333333,23.53857192
2023-02-14,EcoFit Smart Bottle,1,184,250,46000,3035.12,107.7,52.5,0,0,14,2,1,7,5637.28,63.8,192,10.89342309,187,22.6563533
2023-02-15,EcoFit Smart Bottle,2,177,250,44250,4650.09,106.8,48.8,0,0,15,2,1,7,3035.12,59.4,191.1428571,11.9083804,187.8333333,21.76692102
2023-02-16,EcoFit Smart Bottle,3,227,250,56750,3246.84,106,47.1,1,0,16,2,1,7,4650.09,52.5,198.2857143,16.22461387,190.5,21.49057532
2023-02-17,EcoFit Smart Bottle,4,201,250,50250,4080.27,106.9,43,0,0,17,2,1,7,3246.84,48.8,198.4285714,16.24661137,191.8333333,20.82783836
2023-02-18,EcoFit Smart Bottle,5,212,250,53000,4186.84,105.3,53.6,0,0,18,2,1,7,4080.27,47.1,201,16.8424068,193.4666667,20.40576885
2023-02-19,EcoFit Smart Bottle,6,208,250,52000,2739.42,105.5,65.1,0,0,19,2,1,7,4186.84,43,201.1428571,16.90590204,194.5,20.32791524
2023-02-20,EcoFit Smart Bottle,0,182,250,45500,5878.34,105.5,53.7,0,0,20,2,1,8,2739.42,53.6,198.7142857,18.41841728,194.2,20.44740941
2023-02-21,EcoFit Smart Bottle,1,212,250,53000,5100.53,105,45.6,0,0,21,2,1,8,5878.34,65.1,202.7142857,17.71735764,195.4333333,20.36508732
2023-02-22,EcoFit Smart Bottle,2,193,250,48250,5758,104.9,65.1,0,0,22,2,1,8,5100.53,53.7,205,14.60593487,196.5666667,19.17916134
2023-02-23,EcoFit Smart Bottle,3,199,250,49750,5579.31,104.4,71.9,0,0,23,2,1,8,5758,45.6,201,10.95445115,197.9333333,17.74325191
2023-02-24,EcoFit Smart Bottle,4,226,250,56500,4391.6,105.3,59.4,0,0,24,2,1,8,5579.31,65.1,204.5714286,14.46671056,199.8333333,17.589345
2023-02-25,EcoFit Smart Bottle,5,225,250,56250,5687.5,106.4,62.1,0,0,25,2,1,8,4391.6,71.9,206.4285714,16.2978234,200.7666667,18.16719919
2023-02-26,EcoFit Smart Bottle,6,239,250,59750,2353.97,106,52.6,0,0,26,2,1,8,5687.5,59.4,210.8571429,20.47297871,202,19.46349368
2023-02-27,EcoFit Smart Bottle,0,179,250,44750,2783.93,106.1,46.2,0,0,27,2,1,9,2353.97,62.1,210.4285714,21.19636087,201.9333333,19.54117374
2023-02-28,EcoFit Smart Bottle,1,197,250,49250,2180.91,105.4,46.9,0,0,28,2,1,9,2783.93,52.6,208.2857143,21.76169636,201.6666667,19.55246405
2023-03-01,EcoFit Smart Bottle,2,177,250,44250,3301.32,106,55,0,0,1,3,1,9,2180.91,46.2,206,24.3241992,200.3666667,19.860693
2023-03-02,EcoFit Smart Bottle,3,189,250,47250,3554.71,106.6,54.7,0,0,2,3,1,9,3301.32,46.9,204.5714286,25.08556785,200.2,19.93679669
2023-03-03,EcoFit Smart Bottle,4,192,250,48000,3085.4,106.4,56,0,0,3,3,1,9,3554.71,55,199.7142857,23.48555787,200.5666667,19.67088402
2023-03-04,EcoFit Smart Bottle,5,217,250,54250,5314.95,106.5,65.3,0,0,4,3,1,9,3085.4,54.7,198.5714286,22.21003634,200.1,19.08122385
2023-03-05,EcoFit Smart Bottle,6,219,250,54750,3427.01,106.4,54.7,0,0,5,3,1,9,5314.95,56,195.7142857,16.76021366,201.5,18.86750536
2023-03-06,EcoFit Smart Bottle,0,198,250,49500,3123.74,105.4,61.4,0,0,6,3,1,10,3427.01,65.3,198.4285714,15.05387152,200.2333333,17.71164303
2023-03-07,EcoFit Smart Bottle,1,224,250,56000,4170.78,106.4,56.5,1,0,7,3,1,10,3123.74,54.7,202.2857143,17.82988396,200.1333333,17.5631537
2023-03-08,EcoFit Smart Bottle,2,211,250,52750,2563.7,105.9,61.6,0,0,8,3,1,10,4170.78,61.4,207.1428571,14.01699649,200.9,17.51718368
2023-03-09,EcoFit Smart Bottle,3,197,250,49250,5208.79,105.4,62.3,0,0,9,3,1,10,2563.7,56.5,208.2857143,12.53946152,201.5,17.04304894
2023-03-10,EcoFit Smart Bottle,4,225,250,56250,2298.2,105.4,54,0,0,10,3,1,10,5208.79,61.6,213,11.56143013,202.9,17.19532815
2023-03-11,EcoFit Smart Bottle,5,215,250,53750,5947.55,105.9,64,0,0,11,3,1,10,2298.2,62.3,212.7142857,11.47045895,204.1666667,16.61134497
2023-03-12,EcoFit Smart Bottle,6,226,250,56500,19459.24,105.6,89.4,0,0,12,3,1,10,5947.55,54,213.7142857,12.37893756,205.0333333,17.05868842
2023-03-13,EcoFit Smart Bottle,0,273,250,68250,2794.86,104.4,58.3,0,0,13,3,1,11,19459.24,64,224.4285714,23.74768159,207.6666667,20.95040668
2023-03-14,EcoFit Smart Bottle,1,205,250,51250,2022.09,103.9,60.2,0,0,14,3,1,11,2794.86,89.4,221.7142857,24.86439413,207.6,20.95578268
2023-03-15,EcoFit Smart Bottle,2,207,250,51750,5261.85,104.1,62.6,0,0,15,3,1,11,2022.09,58.3,221.1428571,25.19542664,207.8666667,20.89338013
2023-03-16,EcoFit Smart Bottle,3,214,250,53500,4827.43,105.5,60.5,0,0,16,3,1,11,5261.85,60.2,223.5714286,23.22252601,208.8666667,20.42434878
2023-03-17,EcoFit Smart Bottle,4,226,250,56500,4916.03,104.7,57.1,0,0,17,3,1,11,4827.43,62.6,223.7142857,23.23585079,210.5,19.73575436
2023-03-18,EcoFit Smart Bottle,5,249,250,62250,5085.08,103.9,66.1,0,0,18,3,1,11,4916.03,60.5,228.5714286,24.62286974,211.2333333,20.75253758
2023-03-19,EcoFit Smart Bottle,6,245,250,61250,2296.18,103,59.5,0,0,19,3,1,11,5085.08,57.1,231.2857143,25.32926032,212.7,21.54410072
2023-03-20,EcoFit Smart Bottle,0,204,250,51000,3433.86,102,54.3,0,0,20,3,1,12,2296.18,66.1,221.4285714,19.03380451,212.4333333,21.6024956
2023-03-21,EcoFit Smart Bottle,1,201,250,50250,2463.48,102.8,62.6,0,0,21,3,1,12,3433.86,59.5,220.8571429,19.6589977,212.2,21.68966065
2023-03-22,EcoFit Smart Bottle,2,198,250,49500,5452.41,103.7,58.6,0,0,22,3,1,12,2463.48,54.3,219.5714286,20.9670944,212.7333333,21.11043758
2023-03-23,EcoFit Smart Bottle,3,224,250,56000,4493.19,103.8,68,0,0,23,3,1,12,5452.41,62.6,221,20.86464314,213.1333333,21.20951857
2023-03-24,EcoFit Smart Bottle,4,233,250,58250,3323.59,103.5,64.1,0,0,24,3,1,12,4493.19,58.6,222,21.30727575,214.4666667,21.15742852
2023-03-25,EcoFit Smart Bottle,5,241,250,60250,2254.23,104.6,60.8,0,0,25,3,1,12,3323.59,68,220.8571429,19.7773319,215.8666667,21.48573437
2023-03-26,EcoFit Smart Bottle,6,233,250,58250,3243.93,104.7,59,0,0,26,3,1,12,2254.23,64.1,219.1428571,17.75226344,216.1,21.63705315
2023-03-27,EcoFit Smart Bottle,0,226,250,56500,3300.73,105.3,64,0,0,27,3,1,13,3243.93,60.8,222.2857143,16.52991516,216.1333333,21.65200211
2023-03-28,EcoFit Smart Bottle,1,211,250,52750,4918.42,105,69.9,0,0,28,3,1,13,3300.73,59,223.7142857,14.71636601,215.2,21.23172642
2023-03-29,EcoFit Smart Bottle,2,224,250,56000,4550.23,105,66.9,0,0,29,3,1,13,4918.42,64,227.4285714,9.501879513,216.7,20.14798698
2023-03-30,EcoFit Smart Bottle,3,214,250,53500,5548.85,104.3,62.8,0,0,30,3,1,13,4550.23,69.9,226,10.77032961,217.2666667,19.81106158
2023-03-31,EcoFit Smart Bottle,4,218,250,54500,3888.86,104.7,64.3,0,0,31,3,1,13,5548.85,66.9,223.8571429,10.63686313,218.6333333,18.2935514
2023-04-01,EcoFit Smart Bottle,5,248,250,62000,2478.38,104.8,66,0,0,1,4,2,13,3888.86,62.8,224.8571429,12.65475631,220.6,18.16893901
2023-04-02,EcoFit Smart Bottle,6,233,250,58250,4852.98,104.2,76.2,0,0,2,4,2,13,2478.38,64.3,224.8571429,12.65475631,221.9666667,17.47211243
2023-04-03,EcoFit Smart Bottle,0,223,250,55750,5043.14,103.7,64.7,0,0,3,4,2,14,4852.98,66,224.4285714,12.66039945,222.1666667,17.44762277
2023-04-04,EcoFit Smart Bottle,1,231,250,57750,4245.11,104.7,68.6,0,0,4,4,2,14,5043.14,76.2,227.2857143,11.30949875,222.5666667,17.50996432
2023-04-05,EcoFit Smart Bottle,2,222,250,55500,5083.87,105.9,71.8,0,0,5,4,2,14,4245.11,64.7,227,11.43095213,223.3666667,16.88599365
2023-04-06,EcoFit Smart Bottle,3,241,250,60250,3975.18,105.7,60,0,0,6,4,2,14,5083.87,68.6,230.8571429,10.85400957,223.9333333,17.19048119
2023-04-07,EcoFit Smart Bottle,4,240,250,60000,4090.93,105.8,73.3,0,0,7,4,2,14,3975.18,71.8,234,9.626352719,224.9,17.25338547
2023-04-08,EcoFit Smart Bottle,5,243,250,60750,3710.16,106,58.5,0,0,8,4,2,14,4090.93,60,233.2857143,8.538428538,226.4333333,16.72430264
2023-04-09,EcoFit Smart Bottle,6,257,250,64250,2101.68,106.1,64.8,0,0,9,4,2,14,3710.16,73.3,236.7142857,12.36546651,227.5,17.62590179
2023-04-10,EcoFit Smart Bottle,0,241,250,60250,2431.57,105.1,63.1,1,0,10,4,2,15,2101.68,58.5,239.2857143,10.81225055,228.3666667,17.6292925
2023-04-11,EcoFit Smart Bottle,1,209,250,52250,2125.72,105.4,61.3,0,0,11,4,2,15,2431.57,64.8,236.1428571,15.71017262,227.8,17.97776404
2023-04-12,EcoFit Smart Bottle,2,209,250,52250,4545.64,104.1,78.8,0,0,12,4,2,15,2125.72,63.1,234.2857143,18.22739957,225.6666667,16.13164235
2023-04-13,EcoFit Smart Bottle,3,224,250,56000,3257.42,103.7,62.1,0,0,13,4,2,15,4545.64,61.3,231.8571429,18.31600913,226.3,15.65831276
2023-04-14,EcoFit Smart Bottle,4,242,250,60500,4034.28,104,63.7,0,0,14,4,2,15,3257.42,78.8,232.1428571,18.47907439,227.4666667,15.47352206
2023-04-15,EcoFit Smart Bottle,5,290,250,72500,5630.27,104.3,75.3,1,0,15,4,2,15,4034.28,62.1,238.8571429,28.7600914,230,19.00997923
2023-04-16,EcoFit Smart Bottle,6,260,250,65000,2997.17,103.8,67.3,0,0,16,4,2,15,5630.27,63.7,239.2857143,29.09590055,231.1333333,19.76191624
2023-04-17,EcoFit Smart Bottle,0,227,250,56750,3641.53,103.6,71.3,0,0,17,4,2,16,2997.17,75.3,237.2857143,29.4375853,230.4,19.48226426
2023-04-18,EcoFit Smart Bottle,1,210,250,52500,5022.2,103.2,68.4,0,0,18,4,2,16,3641.53,67.3,237.4285714,29.27944184,229.2333333,19.62525349
2023-04-19,EcoFit Smart Bottle,2,232,250,58000,2915.19,103.2,65.3,0,0,19,4,2,16,5022.2,71.3,240.7142857,26.737703,230.1666667,19.04094197
2023-04-20,EcoFit Smart Bottle,3,233,250,58250,2307.92,103.1,72.1,0,0,20,4,2,16,2915.19,68.4,242,26.00640947,231.2333333,18.22972815
2023-04-21,EcoFit Smart Bottle,4,230,250,57500,3159.01,103.5,60.2,0,0,21,4,2,16,2307.92,65.3,240.2857143,26.3989538,232.3,17.12056638
2023-04-22,EcoFit Smart Bottle,5,254,250,63500,9271.85,103.2,76.2,0,0,22,4,2,16,3159.01,72.1,235.1428571,16.89604067,233.3,17.49118004
2023-04-23,EcoFit Smart Bottle,6,279,250,69750,5718.79,103.5,73.7,0,0,23,4,2,16,9271.85,60.2,237.8571429,22.2368206,234.8333333,19.37841553
2023-04-24,EcoFit Smart Bottle,0,241,250,60250,5232.48,103.8,67.9,0,0,24,4,2,17,5718.79,76.2,239.8571429,21.72117685,234.8333333,19.37841553
2023-04-25,EcoFit Smart Bottle,1,226,250,56500,4533.62,103.9,64.7,0,0,25,4,2,17,5232.48,73.7,242.1428571,18.68536478,234.6,19.44328623
2023-04-26,EcoFit Smart Bottle,2,234,250,58500,20164.58,103.7,100,0,0,26,4,2,17,4533.62,67.9,242.4285714,18.51897354,234.8666667,19.37601314
2023-04-27,EcoFit Smart Bottle,3,280,250,70000,5214.69,103.8,75.8,0,0,27,4,2,17,20164.58,64.7,249.1428571,22.60109563,237.1666667,20.50749793
2023-04-28,EcoFit Smart Bottle,4,260,250,65000,2746.28,104.3,63.6,0,0,28,4,2,17,5214.69,100,253.4285714,21.16488556,238.3666667,20.76217272
2023-04-29,EcoFit Smart Bottle,5,257,250,64250,5570.24,104.8,69.2,0,0,29,4,2,17,2746.28,75.8,253.8571429,21.20871339,239.8,20.50466726
2023-04-30,EcoFit Smart Bottle,6,267,250,66750,4157.37,105.9,64.1,0,0,30,4,2,17,5570.24,63.6,252.1428571,19.23043223,241.4333333,20.65927751
2023-05-01,EcoFit Smart Bottle,0,239,250,59750,5229.76,105.3,68.1,0,0,1,5,2,18,4157.37,69.2,251.8571429,19.43732296,241.1333333,20.62595174
2023-05-02,EcoFit Smart Bottle,1,239,250,59750,5584.37,105,75.8,0,0,2,5,2,18,5229.76,64.1,253.7142857,17.02658985,241.3333333,20.5733898
2023-05-03,EcoFit Smart Bottle,2,257,250,64250,3272.01,104,66.2,0,0,3,5,2,18,5584.37,68.1,257,14.6401275,242.4666667,20.46482825
2023-05-04,EcoFit Smart Bottle,3,236,250,59000,2440.21,104.6,60.2,0,0,4,5,2,18,3272.01,75.8,250.7142857,12.39239398,242.6333333,20.38844049
2023-05-05,EcoFit Smart Bottle,4,241,250,60250,2911.74,104.4,66.6,0,0,5,5,2,18,2440.21,66.2,248,12.09683154,243.2666667,20.01711911
2023-05-06,EcoFit Smart Bottle,5,250,250,62500,12347.23,104.5,89.5,0,0,6,5,2,18,2911.74,60.2,247,11.50362262,243.5666667,20.04939303
2023-05-07,EcoFit Smart Bottle,6,282,250,70500,5272.06,104.2,67.3,0,0,7,5,2,18,12347.23,66.6,249.1428571,16.26272396,244.9666667,21.22373969
2023-05-08,EcoFit Smart Bottle,0,251,250,62750,5442.92,104,63.9,0,0,8,5,2,19,5272.06,89.5,250.8571429,15.63573441,245.2333333,21.24842117
2023-05-09,EcoFit Smart Bottle,1,238,250,59500,2027.81,104.7,74.7,0,0,9,5,2,19,5442.92,67.3,250.7142857,15.76614818,244.6,21.16861698
2023-05-10,EcoFit Smart Bottle,2,227,250,56750,4042.99,105.1,61,0,0,10,5,2,19,2027.81,63.9,246.4285714,17.72810521,244.1333333,21.40372725
2023-05-11,EcoFit Smart Bottle,3,263,250,65750,3669.64,105.1,65.4,0,0,11,5,2,19,4042.99,74.7,250.2857143,18.01586602,245.9333333,20.60286778
2023-05-12,EcoFit Smart Bottle,4,240,250,60000,2888.43,105.5,66.9,0,0,12,5,2,19,3669.64,61,250.1428571,18.10551087,246.9666667,19.43066069
2023-05-13,EcoFit Smart Bottle,5,256,250,64000,2479.46,106,63.6,0,0,13,5,2,19,2888.43,65.4,251,18.23915203,248.0333333,18.99996975
2023-05-14,EcoFit Smart Bottle,6,252,250,63000,3350.46,105.8,66.4,0,0,14,5,2,19,2479.46,66.9,246.7142857,12.29788987,248.3666667,18.97817864
2023-05-15,EcoFit Smart Bottle,0,239,250,59750,5771.64,104.9,74.5,0,0,15,5,2,20,3350.46,63.6,245,12.4365054,246.6666667,17.33311229
2023-05-16,EcoFit Smart Bottle,1,246,250,61500,9999.29,104.3,68.2,0,0,16,5,2,20,5771.64,66.4,246.1428571,12.04752494,246.2,17.14924347
2023-05-17,EcoFit Smart Bottle,2,275,250,68750,4075.16,103.5,62,0,0,17,5,2,20,9999.29,74.5,253,12.9614814,247.8,17.53105619
2023-05-18,EcoFit Smart Bottle,3,223,250,55750,4812.08,104.2,70.1,0,0,18,5,2,20,4075.16,68.2,247.2857143,16.22461387,248.2333333,16.70573582
2023-05-19,EcoFit Smart Bottle,4,234,250,58500,3454.52,105,65.2,0,0,19,5,2,20,4812.08,62,246.4285714,16.82118845,248.3,16.64259181
2023-05-20,EcoFit Smart Bottle,5,262,250,65500,5887.13,106,72.7,0,0,20,5,2,20,3454.52,70.1,247.2857143,17.52820856,249.2666667,16.56530095
2023-05-21,EcoFit Smart Bottle,6,279,250,69750,5849.79,104.8,73.2,0,0,21,5,2,20,5887.13,65.2,251.1428571,21.30280554,250.9,17.00983488
2023-05-22,EcoFit Smart Bottle,0,241,250,60250,3007.13,105.4,55.8,0,0,22,5,2,21,5849.79,72.7,251.4285714,21.12547548,250.4666667,17.09352233
2023-05-23,EcoFit Smart Bottle,1,212,250,53000,3988.99,106.7,74.7,0,0,23,5,2,21,3007.13,73.2,246.5714286,25.94132574,248.2333333,17.60619666
2023-05-24,EcoFit Smart Bottle,2,240,250,60000,3203.51,107.4,64.3,0,0,24,5,2,21,3988.99,55.8,241.5714286,22.72192145,248.2,17.62130372
2023-05-25,EcoFit Smart Bottle,3,245,250,61250,3139.36,106.1,62.4,0,0,25,5,2,21,3203.51,74.7,244.7142857,21.19523756,248.8333333,17.13049979
2023-05-26,EcoFit Smart Bottle,4,239,250,59750,2147.55,107.2,65.8,0,0,26,5,2,21,3139.36,64.3,245.4285714,20.855512,249,17.00507024
2023-05-27,EcoFit Smart Bottle,5,248,250,62000,4438.26,107.2,69.9,0,0,27,5,2,21,2147.55,62.4,243.4285714,19.63718533,247.9333333,15.96533601
2023-05-28,EcoFit Smart Bottle,6,258,250,64500,4010.72,107.1,74.5,0,0,28,5,2,21,4438.26,65.8,240.4285714,14.1286605,247.8666667,15.91731509
2023-05-29,EcoFit Smart Bottle,0,246,250,61500,2205.92,107.3,66.3,0,0,29,5,2,22,4010.72,69.9,241.1428571,14.28785698,247.5,15.8261024
2023-05-30,EcoFit Smart Bottle,1,227,250,56750,3114.59,106.7,72.5,0,0,30,5,2,22,2205.92,74.5,243.2857143,9.516902257,246.1666667,15.81157004
2023-05-31,EcoFit Smart Bottle,2,240,250,60000,5633.06,106.7,67.1,0,0,31,5,2,22,3114.59,66.3,243.2857143,9.516902257,246.2,15.79698793
2023-06-01,EcoFit Smart Bottle,3,232,250,58000,2958.25,107.7,67.1,0,0,1,6,2,22,5633.06,72.5,241.4285714,10.35788175,245.9666667,15.95788279
2023-06-02,EcoFit Smart Bottle,4,242,250,60500,2579.58,108,60.1,0,0,2,6,2,22,2958.25,67.1,241.8571429,10.30256556,245.4666667,15.83477912
2023-06-03,EcoFit Smart Bottle,5,253,250,63250,3957.81,108.1,68.9,0,0,3,6,2,22,2579.58,67.1,242.5714286,10.95227743,246.0333333,15.78843604
2023-06-04,EcoFit Smart Bottle,6,259,250,64750,5942.6,108.1,71.8,0,0,4,6,2,22,3957.81,60.1,242.7142857,11.19098276,246.6333333,15.93193136
2023-06-05,EcoFit Smart Bottle,0,250,250,62500,2968.22,107.4,65.6,0,0,5,6,2,23,5942.6,68.9,243.2857143,11.48497984,246.6333333,15.93193136
2023-06-06,EcoFit Smart Bottle,1,243,250,60750,4688.54,107.3,69.1,0,0,6,6,2,23,2968.22,71.8,245.5714286,9.034326074,245.3333333,14.4707394
2023-06-07,EcoFit Smart Bottle,2,269,250,67250,5046.48,106.4,74.2,1,0,7,6,2,23,4688.54,65.6,249.7142857,12.16161017,245.9333333,15.074375
2023-06-08,EcoFit Smart Bottle,3,286,250,71500,2950.55,107,58.3,1,0,8,6,2,23,5046.48,69.1,257.4285714,15.67223812,247.5333333,16.66657471
2023-06-09,EcoFit Smart Bottle,4,256,250,64000,4912.87,105.7,65.7,0,0,9,6,2,23,2950.55,74.2,259.4285714,14.19926222,248.5,16.27087519
2023-06-10,EcoFit Smart Bottle,5,284,250,71000,3471.13,106.2,67.1,0,0,10,6,2,23,4912.87,58.3,263.8571429,16.50685283,249.2,17.33324492
2023-06-11,EcoFit Smart Bottle,6,257,250,64250,4529.22,106.8,63.5,0,0,11,6,2,23,3471.13,65.7,263.5714286,16.62184449,249.7666667,17.29995681
2023-06-12,EcoFit Smart Bottle,0,249,250,62250,4534.12,107.6,69.6,0,0,12,6,2,24,4529.22,67.1,263.4285714,16.7616342,249.5333333,17.26014611
2023-06-13,EcoFit Smart Bottle,1,226,250,56500,4143.1,107.6,68.3,0,0,13,6,2,24,4534.12,63.5,261,20.92844954,248.6666667,17.77703543
2023-06-14,EcoFit Smart Bottle,2,224,250,56000,2361.16,108.2,57.9,0,0,14,6,2,24,4143.1,69.6,254.5714286,24.6431677,248.1666667,18.26261177
2023-06-15,EcoFit Smart Bottle,3,242,250,60500,5341.21,108.1,63.6,0,0,15,6,2,24,2361.16,68.3,248.2857143,20.56464835,248.0333333,18.2935514
2023-06-16,EcoFit Smart Bottle,4,255,250,63750,8819.54,107.3,64.6,0,0,16,6,2,24,5341.21,57.9,248.1428571,20.5055161,247.3666667,17.6292925
2023-06-17,EcoFit Smart Bottle,5,296,250,74000,2746.07,108.3,59.5,0,0,17,6,2,24,8819.54,63.6,249.8571429,24.17594239,249.8,19.12463658
2023-06-18,EcoFit Smart Bottle,6,277,250,69250,2163.1,108.2,64.4,1,0,18,6,2,24,2746.07,64.6,252.7142857,26.25334446,251.2333333,19.50717522
2023-06-19,EcoFit Smart Bottle,0,233,250,58250,4363.57,107.4,69.5,0,0,19,6,2,25,2163.1,59.5,250.4285714,27.30602585,250.2666667,19.67307513
2023-06-20,EcoFit Smart Bottle,1,254,250,63500,4710.26,107.1,70.3,0,0,20,6,2,25,4363.57,64.4,254.4285714,25.0922109,249.4333333,18.92942124
2023-06-21,EcoFit Smart Bottle,2,248,250,62000,2066.35,106.8,60.1,0,0,21,6,2,25,4710.26,69.5,257.8571429,21.64431081,249.6666667,18.86491605
2023-06-22,EcoFit Smart Bottle,3,235,250,58750,4048.37,107.1,67.8,0,0,22,6,2,25,2066.35,70.3,256.8571429,22.63793697,250.4333333,17.71358982
2023-06-23,EcoFit Smart Bottle,4,272,250,68000,2905.98,108.5,67.5,1,0,23,6,2,25,4048.37,60.1,259.2857143,23.30746866,251.5,18.02440874
2023-06-24,EcoFit Smart Bottle,5,250,250,62500,4580.69,108.8,62.5,0,0,24,6,2,25,2905.98,67.8,252.7142857,16.80986105,251.6666667,17.9853069
2023-06-25,EcoFit Smart Bottle,6,277,250,69250,2697.47,108.9,65.6,0,0,25,6,2,25,4580.69,67.5,252.7142857,16.80986105,252.9333333,18.39590159
2023-06-26,EcoFit Smart Bottle,0,229,250,57250,4763.75,110.4,72.3,0,0,26,6,2,26,2697.47,62.5,252.1428571,17.63924197,252.3,18.89197969
2023-06-27,EcoFit Smart Bottle,1,245,250,61250,3546.94,111,64,0,0,27,6,2,26,4763.75,65.6,250.8571429,17.80850519,251.8666667,18.90581617
2023-06-28,EcoFit Smart Bottle,2,228,250,57000,5746.92,111.2,76.1,0,0,28,6,2,26,3546.94,72.3,248,19.83263304,251.2666667,19.37814861
2023-06-29,EcoFit Smart Bottle,3,240,250,60000,2550.08,110.9,62,0,0,29,6,2,26,5746.92,64,248.7142857,19.37106335,251.7,18.95757514
2023-06-30,EcoFit Smart Bottle,4,261,260,67860,3364.27,111.1,61.6,0,0,30,6,2,26,2550.08,76.1,247.1428571,17.52549164,252.4,18.89827578
2023-07-01,EcoFit Smart Bottle,5,259,260,67340,2453.89,111,66.8,0,0,1,7,3,26,3364.27,62,248.4285714,18.09103961,253.3,18.53263664
2023-07-02,EcoFit Smart Bottle,6,262,260,68120,5698.77,111.1,80.5,0,0,2,7,3,26,2453.89,61.6,246.2857143,14.71636601,253.9666667,18.47175539
2023-07-03,EcoFit Smart Bottle,0,249,260,64740,5509.36,111.9,70.3,0,0,3,7,3,27,5698.77,66.8,249.1428571,12.58873268,253.8333333,18.49339739
2023-07-04,EcoFit Smart Bottle,1,236,260,61360,3031.77,111.5,68,0,0,4,7,3,27,5509.36,80.5,247.8571429,13.50837483,253.0666667,18.74683115
2023-07-05,EcoFit Smart Bottle,2,242,260,62920,4639.94,111.9,65.4,0,0,5,7,3,27,3031.77,70.3,249.8571429,10.85400957,252.8,18.84857993
2023-07-06,EcoFit Smart Bottle,3,240,260,62400,5268.89,112.4,62.9,0,0,6,7,3,27,4639.94,68,249.8571429,10.85400957,252.7,18.91022347
2023-07-07,EcoFit Smart Bottle,4,262,260,68120,4220.8,112,67.7,0,0,7,7,3,27,5268.89,65.4,250,11.03026141,252.4666667,18.74462375
2023-07-08,EcoFit Smart Bottle,5,265,260,68900,16149.15,111.5,92.3,0,0,8,7,3,27,4220.8,62.9,250.8571429,12.03368289,251.7666667,17.81840067
2023-07-09,EcoFit Smart Bottle,6,289,260,75140,2967.41,111.4,62.4,0,0,9,7,3,27,16149.15,67.7,254.7142857,18.68791308,252.8666667,19.0638371
2023-07-10,EcoFit Smart Bottle,0,248,260,64480,2372.41,111.2,66,0,0,10,7,3,28,2967.41,92.3,254.5714286,18.74261759,251.6666667,18.14754345
2023-07-11,EcoFit Smart Bottle,1,241,260,62660,5588.86,111.9,65.9,0,0,11,7,3,28,2372.41,62.4,255.2857143,17.9973543,251.1333333,18.22036249
2023-07-12,EcoFit Smart Bottle,2,247,260,64220,5601.67,111.3,64.6,0,0,12,7,3,28,5588.86,66,256,17.4737899,251.0666667,18.23209246
2023-07-13,EcoFit Smart Bottle,3,245,260,63700,4532.41,111.3,72.2,0,0,13,7,3,28,5601.67,65.9,256.7142857,16.79994331,251.7,17.65209766
2023-07-14,EcoFit Smart Bottle,4,259,260,67340,3356.12,112.8,69.7,0,0,14,7,3,28,4532.41,64.6,256.2857143,16.68047047,252.8666667,16.89875191
2023-07-15,EcoFit Smart Bottle,5,265,260,68900,3396.84,113.1,61.2,0,0,15,7,3,28,3356.12,72.2,256.2857143,16.68047047,253.6333333,16.910481
2023-07-16,EcoFit Smart Bottle,6,258,260,67080,4903.82,113.4,75.8,0,0,16,7,3,28,3396.84,69.7,251.8571429,8.802056037,253.7333333,16.92770293
2023-07-17,EcoFit Smart Bottle,0,231,260,60060,5588.44,114.1,67,0,0,17,7,3,29,4903.82,61.2,249.4285714,11.85829025,251.5666667,15.42430535
2023-07-18,EcoFit Smart Bottle,1,247,260,64220,5548.35,113.8,68.7,0,0,18,7,3,29,5588.44,75.8,250.2857143,11.35362329,250.5666667,14.67271296
2023-07-19,EcoFit Smart Bottle,2,250,260,65000,5119.5,113.2,66.8,0,0,19,7,3,29,5548.35,67,250.7142857,11.26520137,251.1333333,14.29427986
2023-07-20,EcoFit Smart Bottle,3,236,260,61360,4568.13,113.3,68.6,0,0,20,7,3,29,5119.5,68.7,249.4285714,12.47473637,250.5333333,14.54537095
2023-07-21,EcoFit Smart Bottle,4,261,260,67860,2336.56,113.5,62.8,0,0,21,7,3,29,4568.13,66.8,249.7142857,12.75035014,250.9666667,14.6604872
2023-07-22,EcoFit Smart Bottle,5,251,260,65260,2646.51,112.5,63.2,0,0,22,7,3,29,2336.56,68.6,247.7142857,10.91961974,251.5,14.34729339
2023-07-23,EcoFit Smart Bottle,6,239,260,62140,5594.22,112.7,62.6,0,0,23,7,3,29,2646.51,62.8,245,10.2794293,250.4,13.98176152
2023-07-24,EcoFit Smart Bottle,0,249,260,64740,4425.72,113.3,56.7,0,0,24,7,3,30,5594.22,63.2,247.5714286,8.243323417,250.3666667,13.98393989
2023-07-25,EcoFit Smart Bottle,1,227,260,59020,2036.79,112.8,66,0,0,25,7,3,30,4425.72,62.6,244.7142857,11.35362329,248.7,13.67643329
2023-07-26,EcoFit Smart Bottle,2,221,260,57460,2405.89,113.1,58.1,0,0,26,7,3,30,2036.79,56.7,240.5714286,14.06955511,248.4333333,14.1438017
2023-07-27,EcoFit Smart Bottle,3,222,260,57720,4654.01,113.6,64.9,0,0,27,7,3,30,2405.89,66,238.5714286,15.7253208,247.6666667,14.93741734
2023-07-28,EcoFit Smart Bottle,4,242,260,62920,2020.25,113.9,61.4,0,0,28,7,3,30,4654.01,58.1,235.8571429,12.52236095,248.1333333,14.51451909
2023-07-29,EcoFit Smart Bottle,5,250,260,65000,2643.23,114.4,69,0,0,29,7,3,30,2020.25,64.9,235.7142857,12.32496499,248.4666667,14.4359067
2023-07-30,EcoFit Smart Bottle,6,245,260,63700,4194.94,114.2,64.6,0,0,30,7,3,30,2643.23,61.4,236.5714286,12.79136614,247.9333333,14.2512754
2023-07-31,EcoFit Smart Bottle,0,233,260,60580,4767.58,113.5,62.8,0,0,31,7,3,31,4194.94,69,201,89.38307073,239.3,47.34404525
2023-08-01,EcoFit Smart Bottle,1,220,260,57200,4607.85,113.3,61.7,0,0,1,8,3,31,4767.58,64.6,200,89.0823589,237.9,47.27057115
2023-08-02,EcoFit Smart Bottle,2,236,260,61360,9960.03,112.9,74.7,0,0,2,8,3,31,4607.85,62.8,202.1428571,89.84881482,237.4666667,47.22487169
2023-08-03,EcoFit Smart Bottle,3,250,260,65000,4848.72,112.9,59.9,0,0,3,8,3,31,9960.03,61.7,206.1428571,91.48848483,237.9333333,47.27902016
2023-08-04,EcoFit Smart Bottle,4,244,260,63440,2949,113.5,60.7,0,0,4,8,3,31,4848.72,74.7,206.4285714,91.62215369,238,47.28636167
2023-08-05,EcoFit Smart Bottle,5,234,260,60840,3301.6,112.7,60.8,0,0,5,8,3,31,2949,59.9,204.1428571,90.54727784,237.8,47.29029936
2023-08-06,EcoFit Smart Bottle,6,234,260,60840,4985.97,112.8,72.5,0,0,6,8,3,31,3301.6,60.7,202.5714286,89.81250311,236.8666667,47.07201624
2023-08-07,EcoFit Smart Bottle,0,214,260,55640,4598.53,112.2,62.9,0,0,7,8,3,32,4985.97,60.8,233.1428571,12.58873268,235.1666667,46.94169776
2023-08-08,EcoFit Smart Bottle,1,227,260,59020,5396.89,111.7,55.1,0,0,8,8,3,32,4598.53,72.5,234.1428571,11.61075036,233.1,45.84181949
2023-08-09,EcoFit Smart Bottle,2,224,260,58240,4630.45,112.1,76.4,0,0,9,8,3,32,5396.89,62.9,232.4285714,12.16356777,232.3,45.78220555
2023-08-10,EcoFit Smart Bottle,3,216,260,56160,4273.23,111.4,67,0,0,10,8,3,32,4630.45,55.1,227.5714286,10.67484805,231.4666667,45.84586871
2023-08-11,EcoFit Smart Bottle,4,242,260,62920,2374.7,111.8,68.6,0,0,11,8,3,32,4273.23,76.4,227.2857143,10.17700489,231.3,45.79651395
2023-08-12,EcoFit Smart Bottle,5,244,260,63440,3470.86,111,54.4,0,0,12,8,3,32,2374.7,67,228.7142857,11.84221665,231.2666667,45.7865613
2023-08-13,EcoFit Smart Bottle,6,260,260,67600,3060.81,111.4,58.1,0,0,13,8,3,32,3470.86,68.6,232.4285714,16.81127739,231.3,45.80780689
2023-08-14,EcoFit Smart Bottle,0,230,260,59800,2975.96,110.5,62.3,1,0,14,8,3,33,3060.81,54.4,234.7142857,14.8628652,230.1333333,45.36346193
2023-08-15,EcoFit Smart Bottle,1,248,260,64480,5892.04,110.1,67.2,0,1,15,8,3,33,2975.96,58.1,237.7142857,15.16261066,229.8,45.18803626
2023-08-16,EcoFit Smart Bottle,2,234,260,60840,3572.39,111.2,61.3,0,0,16,8,3,33,5892.04,62.3,239.1428571,14.08815781,229.9,45.19410245
2023-08-17,EcoFit Smart Bottle,3,215,260,55900,5568.19,112.3,52.6,0,0,17,8,3,33,3572.39,67.2,239,14.36430762,228.8333333,45.15420577
2023-08-18,EcoFit Smart Bottle,4,238,260,61880,4524.55,112,52.7,0,0,18,8,3,33,5568.19,61.3,238.4285714,14.30451144,228.4333333,45.01316538
2023-08-19,EcoFit Smart Bottle,5,239,260,62140,5179.25,112.2,70,0,0,19,8,3,33,4524.55,52.6,237.7142857,14.10335995,228.5333333,45.03388252
2023-08-20,EcoFit Smart Bottle,6,242,260,62920,4010.55,113,68.4,0,0,20,8,3,33,5179.25,52.7,235.1428571,10.55822857,227.9,44.69386288
2023-08-21,EcoFit Smart Bottle,0,235,260,61100,16076.72,113.4,83.3,0,0,21,8,3,34,4010.55,70,235.8571429,10.31873008,227.3666667,44.50376453
2023-08-22,EcoFit Smart Bottle,1,262,260,68120,3970.07,113.2,66.4,0,0,22,8,3,34,16076.72,68.4,237.8571429,13.82544239,228.1333333,44.90736314
2023-08-23,EcoFit Smart Bottle,2,229,260,59540,2780.97,112.8,51.8,0,0,23,8,3,34,3970.07,83.3,237.1428571,14.18248417,227.4666667,44.73503089
2023-08-24,EcoFit Smart Bottle,3,209,260,54340,4889.81,113.3,57,0,0,24,8,3,34,2780.97,66.4,236.2857143,15.82944814,226.8666667,44.86203628
2023-08-25,EcoFit Smart Bottle,4,214,260,55640,3123.09,114,51.7,0,0,25,8,3,34,4889.81,51.8,232.8571429,17.86456988,226.6333333,44.91177814
2023-08-26,EcoFit Smart Bottle,5,233,260,60580,5502.72,115,57.6,0,0,26,8,3,34,3123.09,57,232,17.66352173,227,44.91754899
2023-08-27,EcoFit Smart Bottle,6,247,260,64220,4581.89,114,63.4,0,0,27,8,3,34,5502.72,51.7,232.7142857,18.22739957,227.1666667,44.98435232
2023-08-28,EcoFit Smart Bottle,0,203,260,52780,2708.44,113.2,51.6,0,0,28,8,3,35,4581.89,57.6,228.1428571,21.3106278,225.6,44.98014888
2023-08-29,EcoFit Smart Bottle,1,195,260,50700,5761.83,113.9,73,0,0,29,8,3,35,2708.44,63.4,218.5714286,18.41970994,223.9333333,45.16249079
2023-08-30,EcoFit Smart Bottle,2,215,260,55900,5815.71,113,64,0,0,30,8,3,35,5761.83,51.6,216.5714286,17.84990329,231.1,16.12740225
2023-08-31,EcoFit Smart Bottle,3,219,260,56940,5659.46,113.7,66.7,0,0,31,8,3,35,5815.71,73,218,17.54042949,231.0666667,16.15215014
2023-09-01,EcoFit Smart Bottle,4,246,260,63960,3480.63,113.6,59.1,1,0,1,9,3,35,5659.46,64,222.5714286,20.28018033,231.4,16.35932719
2023-09-02,EcoFit Smart Bottle,5,234,260,60840,2061.83,113.3,59.7,0,0,2,9,3,35,3480.63,66.7,222.7142857,20.36921113,230.8666667,15.9886454
2023-09-03,EcoFit Smart Bottle,6,208,260,54080,5713.27,113.4,56.5,0,0,3,9,3,35,2061.83,59.1,217.1428571,17.7897777,229.6666667,16.31655249
2023-09-04,EcoFit Smart Bottle,0,210,260,54600,3712.74,112.6,63.8,0,0,4,9,3,36,5713.27,59.7,218.1428571,17.04336206,228.8666667,16.68105126
2023-09-05,EcoFit Smart Bottle,1,207,260,53820,5866.62,113.1,61.4,0,0,5,9,3,36,3712.74,56.5,219.8571429,14.78094011,227.9666667,17.11720919
2023-09-06,EcoFit Smart Bottle,2,206,260,53560,20051.05,114.1,95,0,0,6,9,3,36,5866.62,63.8,218.5714286,15.64030203,227.7,17.40223925
2023-09-07,EcoFit Smart Bottle,3,247,260,64220,5412.04,114.6,52.3,0,0,7,9,3,36,20051.05,61.4,222.5714286,18.98997229,228.3666667,17.75403467
2023-09-08,EcoFit Smart Bottle,4,237,260,61620,3177.8,114.5,55.7,0,0,8,9,3,36,5412.04,95,221.2857143,17.37540681,228.8,17.80236327
2023-09-09,EcoFit Smart Bottle,5,230,260,59800,3540.39,113.6,56.1,0,0,9,9,3,36,3177.8,52.3,220.7142857,16.94810005,229.2666667,17.63799452
2023-09-10,EcoFit Smart Bottle,6,221,260,57460,5404.55,112.7,55.8,0,0,10,9,3,36,3540.39,55.7,222.5714286,16.00892608,228.5666667,17.53161348
2023-09-11,EcoFit Smart Bottle,0,207,260,53820,3267.69,111.9,56,0,0,11,9,3,37,5404.55,56.1,222.1428571,16.43602315,227.3333333,17.70901452
2023-09-12,EcoFit Smart Bottle,1,195,260,50700,2677.97,111.9,60.8,0,0,12,9,3,37,3267.69,55.8,220.4285714,18.74261759,225.1666667,17.55009251
2023-09-13,EcoFit Smart Bottle,2,178,260,46280,4227.21,111.9,52.6,0,0,13,9,3,37,2677.97,56,216.4285714,24.45306486,223.4333333,19.51424472
2023-09-14,EcoFit Smart Bottle,3,210,260,54600,5744.62,112.4,63.7,0,0,14,9,3,37,4227.21,60.8,211.1428571,20.4077483,222.1666667,19.09338816
2023-09-15,EcoFit Smart Bottle,4,221,260,57460,4784.12,111.4,51.2,0,0,15,9,3,37,5744.62,52.6,208.8571429,17.75226344,221.7333333,18.96263719
2023-09-16,EcoFit Smart Bottle,5,231,260,60060,4280.24,112.2,66.2,0,0,16,9,3,37,4784.12,63.7,209,17.95364401,222.2666667,18.99171023
2023-09-17,EcoFit Smart Bottle,6,228,260,59280,2388.71,112.6,55.6,0,0,17,9,3,37,4280.24,51.2,210,18.90326251,221.9333333,18.79275967
2023-09-18,EcoFit Smart Bottle,0,187,260,48620,4460.03,112.4,64.3,0,0,18,9,3,38,2388.71,66.2,207.1428571,20.84409246,220.2,19.54729014
2023-09-19,EcoFit Smart Bottle,1,237,260,61620,5960.22,111.7,61.8,1,0,19,9,3,38,4460.03,55.6,213.1428571,22.72611252,220.0333333,19.37556822
2023-09-20,EcoFit Smart Bottle,2,210,260,54600,2560.34,112.4,53.4,0,0,20,9,3,38,5960.22,64.3,217.7142857,16.96775654,219.2,19.24685375
2023-09-21,EcoFit Smart Bottle,3,191,260,49660,4073.32,112.2,58.3,0,0,21,9,3,38,2560.34,61.8,215,19.70617501,216.8333333,18.13566373
2023-09-22,EcoFit Smart Bottle,4,207,260,53820,5509.49,112.2,56.4,0,0,22,9,3,38,4073.32,53.4,213,19.70617501,216.1,18.07141007
2023-09-23,EcoFit Smart Bottle,5,230,260,59800,4963.07,112.5,47.7,0,0,23,9,3,38,5509.49,58.3,212.8571429,19.5569985,216.8,18.19321586
2023-09-24,EcoFit Smart Bottle,6,232,260,60320,4788.06,111.9,57.5,0,0,24,9,3,38,4963.07,56.4,213.4285714,20.12342866,217.4,18.39340212
2023-09-25,EcoFit Smart Bottle,0,187,260,48620,4809.94,111.7,51.4,0,0,25,9,3,39,4788.06,47.7,213.4285714,20.12342866,215.8666667,18.95681723
2023-09-26,EcoFit Smart Bottle,1,190,260,49400,3437.96,112.3,46.7,0,0,26,9,3,39,4809.94,57.5,206.7142857,18.74134721,213.9666667,18.58156917
2023-09-27,EcoFit Smart Bottle,2,196,260,50960,3174.37,112.7,54.7,0,0,27,9,3,39,3437.96,51.4,204.7142857,19.07628795,213.7333333,18.76705355
2023-09-28,EcoFit Smart Bottle,3,182,260,47320,5237.44,113.2,54.1,0,0,28,9,3,39,3174.37,46.7,203.4285714,20.41124807,213.3,19.35538774
2023-09-29,EcoFit Smart Bottle,4,241,260,62660,5240.45,112.5,60.5,1,0,29,9,3,39,5237.44,54.7,208.2857143,24.94470074,214.1666667,20.00531539
2023-09-30,EcoFit Smart Bottle,5,238,260,61880,5468.29,112.3,51.7,0,0,30,9,3,39,5240.45,54.1,209.4285714,26.25425136,214.8,20.45921089
2023-10-01,EcoFit Smart Bottle,6,266,260,69160,5652.96,112.1,53.5,1,0,1,10,4,39,5468.29,60.5,214.2857143,33.32023552,215.4666667,21.79328168
2023-10-02,EcoFit Smart Bottle,0,204,260,53040,4045.37,112.4,58.3,0,0,2,10,4,40,5652.96,51.7,216.7142857,31.57379866,214.4666667,21.60097912
2023-10-03,EcoFit Smart Bottle,1,178,260,46280,4006.07,112.6,53.7,0,0,3,10,4,40,4045.37,53.5,215,33.53108011,213.4666667,22.5827724
2023-10-04,EcoFit Smart Bottle,2,197,260,51220,5193.18,112.7,47.1,0,0,4,10,4,40,4006.07,58.3,215.1428571,33.43864317,213.0333333,22.77549096
2023-10-05,EcoFit Smart Bottle,3,199,260,51740,4599.86,114.1,54.5,0,0,5,10,4,40,5193.18,53.7,217.5714286,31.17080441,212.7666667,22.89508806
2023-10-06,EcoFit Smart Bottle,4,204,260,53040,4807.87,114,60.9,0,0,6,10,4,40,4599.86,47.1,212.2857143,29.63508217,212.7,22.91837089
2023-10-07,EcoFit Smart Bottle,5,215,260,55900,5183.17,113.7,51.7,0,0,7,10,4,40,4807.87,54.5,209,27.50757471,211.6333333,21.99291945
2023-10-08,EcoFit Smart Bottle,6,206,260,53560,5560.02,113,57.6,0,0,8,10,4,40,5183.17,60.9,200.4285714,11.44344271,210.6,21.48231028
2023-10-09,EcoFit Smart Bottle,0,199,260,51740,3351.98,112.1,45.9,0,0,9,10,4,41,5560.02,51.7,199.7142857,11.33893419,209.5666667,21.26139992
2023-10-10,EcoFit Smart Bottle,1,165,260,42900,3502.33,111.4,49.6,0,0,10,10,4,41,3351.98,57.6,197.8571429,15.71017262,207.7,22.63678727
2023-10-11,EcoFit Smart Bottle,2,219,260,56940,6197.9,110.9,61,1,0,11,10,4,41,3502.33,45.9,201,17.59734829,208.1,22.72982243
2023-10-12,EcoFit Smart Bottle,3,203,260,52780,4313.12,111.7,52.7,0,0,12,10,4,41,6197.9,49.6,201.5714286,17.58652081,208.3666667,22.61748383
2023-10-13,EcoFit Smart Bottle,4,204,260,53040,2143.77,111.7,53.6,0,0,13,10,4,41,4313.12,61,201.5714286,17.58652081,209.2333333,21.90053272
2023-10-14,EcoFit Smart Bottle,5,216,260,56160,3862.39,111.9,52.6,0,0,14,10,4,41,2143.77,52.7,201.7142857,17.71735764,209.4333333,21.93514474
2023-10-15,EcoFit Smart Bottle,6,214,260,55640,4170.58,111.8,62,0,0,15,10,4,41,3862.39,53.6,202.8571429,18.28869023,209.2,21.84490787
2023-10-16,EcoFit Smart Bottle,0,181,260,47060,3146.17,112,40.9,0,0,16,10,4,42,4170.58,52.6,200.2857143,20.09738197,207.5333333,22.03090828
2023-10-17,EcoFit Smart Bottle,1,181,260,47060,4363.33,112.9,50,0,0,17,10,4,42,3146.17,62,202.5714286,15.88350447,205.9666667,22.19581093
2023-10-18,EcoFit Smart Bottle,2,177,260,46020,2122,111.7,41,0,0,18,10,4,42,4363.33,40.9,196.5714286,16.56157342,205.6333333,22.56253124
2023-10-19,EcoFit Smart Bottle,3,160,260,41600,2149.39,112.4,41.3,0,0,19,10,4,42,2122,50,190.4285714,21.12547548,203.0666667,23.24076878
2023-10-20,EcoFit Smart Bottle,4,193,260,50180,5290.4,110.9,47.5,0,1,20,10,4,42,2149.39,41,188.8571429,20.34230871,202.5,23.27311606
2023-10-21,EcoFit Smart Bottle,5,228,260,59280,3440.76,110.9,49.6,0,1,21,10,4,42,5290.4,41.3,190.5714286,23.30133861,203.7333333,23.62046648
2023-10-22,EcoFit Smart Bottle,6,213,260,55380,2508.24,112.2,47.9,0,1,22,10,4,42,3440.76,47.5,190.4285714,23.13624244,203.9333333,23.67441997
2023-10-23,EcoFit Smart Bottle,0,193,260,50180,4088.97,112.6,52,0,1,23,10,4,43,2508.24,49.6,192.1428571,22.76275153,202.7,23.22921763
2023-10-24,EcoFit Smart Bottle,1,227,260,59020,5079.97,112.9,46.1,1,1,24,10,4,43,4088.97,47.9,198.7142857,25.4866912,202.5333333,23.02881753
2023-10-25,EcoFit Smart Bottle,2,172,260,44720,2863.28,114.1,45.5,0,0,25,10,4,43,5079.97,52,198,26.25515822,202.0333333,23.53498252
2023-10-26,EcoFit Smart Bottle,3,177,260,46020,4491.56,113.6,45.5,0,0,26,10,4,43,2863.28,46.1,200.4285714,22.6999056,201.6,23.88131574
2023-10-27,EcoFit Smart Bottle,4,197,260,51220,2341.39,113.9,50.6,0,0,27,10,4,43,4491.56,45.5,201,22.53145949,201.6333333,23.87392653
2023-10-28,EcoFit Smart Bottle,5,196,260,50960,2206.73,114.2,41.2,0,0,28,10,4,43,2341.39,45.5,196.4285714,19.12988189,202.1,23.61231415
2023-10-29,EcoFit Smart Bottle,6,188,260,48880,4125.42,113.9,48.2,0,0,29,10,4,43,2206.73,50.6,192.8571429,17.80850519,200.3333333,22.56077361
2023-10-30,EcoFit Smart Bottle,0,182,260,47320,4162.54,113.7,52.1,0,0,30,10,4,44,4125.42,41.2,191.2857143,18.2730611,198.4666667,21.63447653
2023-10-31,EcoFit Smart Bottle,1,181,260,47060,11652.43,113.3,61.1,0,0,31,10,4,44,4162.54,48.2,184.7142857,9.411239481,195.6333333,17.69177353
2023-11-01,EcoFit Smart Bottle,2,209,260,54340,4904.37,113.4,54,0,0,1,11,4,44,11652.43,52.1,190,11.28420725,195.8,17.79655139
2023-11-02,EcoFit Smart Bottle,3,183,260,47580,5903.41,113.7,60.5,0,0,2,11,4,44,4904.37,61.1,190.8571429,10.31873008,195.9666667,17.64688765
2023-11-03,EcoFit Smart Bottle,4,203,260,52780,4065.2,113.8,49.7,0,0,3,11,4,44,5903.41,54,191.7142857,11.13125159,196.1666667,17.69294294
2023-11-04,EcoFit Smart Bottle,5,220,260,57200,3291.83,114.2,51.6,0,0,4,11,4,44,4065.2,60.5,195.1428571,15.50729475,196.8666667,18.21657702
2023-11-05,EcoFit Smart Bottle,6,190,260,49400,5180.74,113,40.4,0,0,5,11,4,44,3291.83,49.7,195.4285714,15.37158789,196.4,18.20685737
2023-11-06,EcoFit Smart Bottle,0,228,260,59280,3083.33,112.9,44.4,1,0,6,11,4,45,5180.74,51.6,202,18.23915203,196.8333333,18.80954148
2023-11-07,EcoFit Smart Bottle,1,159,260,41340,3755.89,112.3,48.7,0,0,7,11,4,45,3083.33,40.4,198.8571429,23.5756129,195.2666667,19.94290702
2023-11-08,EcoFit Smart Bottle,2,171,260,44460,2313.83,112.5,39.6,0,0,8,11,4,45,3755.89,44.4,193.4285714,25.17179071,194.3333333,20.41185141
2023-11-09,EcoFit Smart Bottle,3,162,260,42120,2101.4,112.6,45.4,0,0,9,11,4,45,2313.83,48.7,190.4285714,27.74200872,194.2333333,20.56727118
2023-11-10,EcoFit Smart Bottle,4,173,260,44980,5850.59,112.6,57.1,0,0,10,11,4,45,2101.4,39.6,186.1428571,27.79345589,192.7,20.37095634
2023-11-11,EcoFit Smart Bottle,5,195,260,50700,5343.92,112.9,41.3,0,0,11,11,4,45,5850.59,45.4,182.5714286,24.07527877,192.4333333,20.28364949
2023-11-12,EcoFit Smart Bottle,6,203,260,52780,4783.9,113.5,43.6,0,0,12,11,4,45,5343.92,57.1,184.4285714,25.2180963,192.4,20.26479876
2023-11-13,EcoFit Smart Bottle,0,169,260,43940,3635.81,113.4,48.1,0,0,13,11,4,46,4783.9,41.3,176,16.62327685,190.8333333,20.19403007
2023-11-14,EcoFit Smart Bottle,1,169,260,43940,2693.18,112.8,47.6,0,0,14,11,4,46,3635.81,43.6,177.4285714,15.29550198,189.3333333,20.08487737
2023-11-15,EcoFit Smart Bottle,2,174,260,45240,2625.75,111.9,48.8,0,0,15,11,4,46,2693.18,48.1,177.8571429,15.12645113,189.1,20.22519767
2023-11-16,EcoFit Smart Bottle,3,173,260,44980,3000.97,111.9,46.3,0,0,16,11,4,46,2625.75,47.6,179.4285714,13.7095726,188.8333333,20.38776397
2023-11-17,EcoFit Smart Bottle,4,162,260,42120,4196.91,112,50.5,0,0,17,11,4,46,3000.97,48.8,177.8571429,15.12645113,188.3333333,20.86629576
2023-11-18,EcoFit Smart Bottle,5,217,260,56420,4858.38,111.4,53.9,0,0,18,11,4,46,4196.91,46.3,181,20.58316464,190.2333333,20.79237813
2023-11-19,EcoFit Smart Bottle,6,203,260,52780,18154.1,111.9,73.9,0,0,19,11,4,46,4858.38,50.5,181,20.58316464,190.5666667,20.91803929
2023-11-20,EcoFit Smart Bottle,0,218,260,56680,3119.74,111.6,42.8,0,0,20,11,4,47,18154.1,53.9,188,23.88863049,190.2333333,20.37355171
2023-11-21,EcoFit Smart Bottle,1,180,260,46800,5819.46,110.6,50.4,0,0,21,11,4,47,3119.74,73.9,189.5714286,22.76588927,189.1333333,19.98919248
2023-11-22,EcoFit Smart Bottle,2,179,260,46540,4951.59,111.4,50.5,0,0,22,11,4,47,5819.46,42.8,190.2857143,22.26891919,188.6666667,20.05910806
2023-11-23,EcoFit Smart Bottle,3,176,260,45760,4217.42,112.1,44.7,0,0,23,11,4,47,4951.59,50.4,190.7142857,21.90672869,186.9666667,18.82127068
2023-11-24,EcoFit Smart Bottle,4,189,260,49140,4446.88,110.8,46.5,0,0,24,11,4,47,4217.42,50.5,194.5714286,18.0449175,187.5333333,18.60984784
2023-11-25,EcoFit Smart Bottle,5,217,260,56420,3678.4,110.5,48.9,1,0,25,11,4,47,4446.88,44.7,194.5714286,18.0449175,188.8666667,19.25103371
2023-11-26,EcoFit Smart Bottle,6,189,260,49140,2990.92,110.1,46.3,0,0,26,11,4,47,3678.4,46.5,192.5714286,17.72810521,188.6,19.18979614
2023-11-27,EcoFit Smart Bottle,0,165,260,42900,11704.18,111.1,62,0,0,27,11,4,48,2990.92,48.9,185,16.31972222,187.5666667,19.60767502
2023-11-28,EcoFit Smart Bottle,1,187,260,48620,5031.38,111.1,40.9,0,0,28,11,4,48,11704.18,46.3,186,16.17611408,187.5333333,19.60776295
2023-11-29,EcoFit Smart Bottle,2,165,260,42900,2057.57,110.2,43.6,0,0,29,11,4,48,5031.38,62,184,17.95364401,186.9666667,20.01462109
2023-11-30,EcoFit Smart Bottle,3,165,260,42900,2464.29,110.7,39.6,0,0,30,11,4,48,2057.57,40.9,182.4285714,19.2081332,186.4333333,20.38877875
2023-12-01,EcoFit Smart Bottle,4,178,260,46280,2184.01,110,48.8,0,0,1,12,4,48,2464.29,43.6,180.8571429,19.03005142,185.4,19.98723731
2023-12-02,EcoFit Smart Bottle,5,192,260,49920,2162.92,109.8,42.3,0,0,2,12,4,48,2184.01,39.6,177.2857143,12.25716506,185.7,20.01749235
2023-12-03,EcoFit Smart Bottle,6,187,260,48620,5421.84,109.3,45.4,0,0,3,12,4,48,2162.92,48.8,177,11.95826074,185.1666667,19.75205504
2023-12-04,EcoFit Smart Bottle,0,174,260,45240,4814.63,109,48.8,0,0,4,12,4,49,5421.84,42.3,178.2857143,10.88905086,183.6333333,18.71286361
2023-12-05,EcoFit Smart Bottle,1,179,260,46540,3896.7,109.6,53.7,0,0,5,12,4,49,4814.63,45.4,177.1428571,10.22135952,183.2666667,18.69156796
2023-12-06,EcoFit Smart Bottle,2,162,260,42120,7894.67,110.5,58.5,0,0,6,12,4,49,3896.7,48.8,176.7142857,10.85839592,181.0666667,17.0575766
2023-12-07,EcoFit Smart Bottle,3,187,260,48620,3966.46,109.7,48.6,0,0,7,12,4,49,7894.67,53.7,179.8571429,10.05698052,182,16.5675212
2023-12-08,EcoFit Smart Bottle,4,228,260,59280,3893.89,110.1,40.8,1,0,8,12,4,49,3966.46,58.5,187,20.67204231,183.9,18.42664862
2023-12-09,EcoFit Smart Bottle,5,249,260,64740,2692.81,109.7,53.1,1,0,9,12,4,49,3893.89,48.6,195.1428571,31.40821852,186.8,21.45789783
2023-12-10,EcoFit Smart Bottle,6,237,260,61620,3735.41,109.2,44,1,0,10,12,4,49,2692.81,40.8,202.2857143,34.75492428,188.9333333,23.1530639
2023-12-11,EcoFit Smart Bottle,0,213,260,55380,10119.05,109.5,64.6,1,0,11,12,4,50,3735.41,53.1,207.8571429,32.518859,189.5333333,23.54560261
2023-12-12,EcoFit Smart Bottle,1,201,260,52260,4463.4,108.9,47,0,0,12,12,4,50,10119.05,44,211,30.24896692,189.4666667,23.50896136
2023-12-13,EcoFit Smart Bottle,2,177,260,46020,4540.37,109.2,53,0,0,13,12,4,50,4463.4,64.6,213.1428571,26.49797836,189.7333333,23.31335762
2023-12-14,EcoFit Smart Bottle,3,181,260,47060,2181.22,109.6,50.7,0,0,14,12,4,50,4540.37,47,212.2857143,27.56032345,190.1333333,23.04677902
2023-12-15,EcoFit Smart Bottle,4,178,260,46280,3498.45,109.4,50.1,0,0,15,12,4,50,2181.22,53,205.1428571,29.23712578,190.2666667,22.96163717
2023-12-16,EcoFit Smart Bottle,5,208,260,54080,4503.44,110.2,52.7,0,0,16,12,4,50,3498.45,50.7,199.2857143,22.26143366,191.4333333,22.94323329
2023-12-17,EcoFit Smart Bottle,6,200,260,52000,4012.55,109.4,47.5,0,0,17,12,4,50,4503.44,50.1,194,15.03329638,192.7,22.30223431
2023-12-18,EcoFit Smart Bottle,0,177,260,46020,5425.96,110.2,48.7,0,0,18,12,4,51,4012.55,52.7,188.8571429,13.53302838,191.3666667,21.99291945
2023-12-19,EcoFit Smart Bottle,1,183,260,47580,4634.77,109,50,0,0,19,12,4,51,5425.96,47.5,186.2857143,12.51285054,190.7,21.9311619
2023-12-20,EcoFit Smart Bottle,2,186,260,48360,2651.74,110.7,43.7,0,0,20,12,4,51,4634.77,48.7,187.5714286,11.84422704,189.6333333,21.32746866
2023-12-21,EcoFit Smart Bottle,3,167,260,43420,2282.27,110.4,57.1,0,0,21,12,4,51,2651.74,50,185.5714286,14.10504807,189.2,21.65943292
2023-12-22,EcoFit Smart Bottle,4,176,260,45760,4569.68,109.7,44.4,0,0,22,12,4,51,2282.27,43.7,185.2857143,14.30284687,189.1,21.71500355
2023-12-23,EcoFit Smart Bottle,5,203,260,52780,2106.05,109.6,49.6,0,0,23,12,4,51,4569.68,57.1,184.5714286,13.04935685,190,21.71285969
2023-12-24,EcoFit Smart Bottle,6,166,260,43160,4343.1,109,51.7,0,0,24,12,4,51,2106.05,44.4,179.7142857,12.67167821,189.2333333,22.15102291
2023-12-25,EcoFit Smart Bottle,0,198,260,51480,5760.92,109.2,53.1,0,1,25,12,4,52,4343.1,49.6,182.7142857,14.30284687,188.6,21.59437986
2023-12-26,EcoFit Smart Bottle,1,189,260,49140,4301.9,110,56.6,0,0,26,12,4,52,5760.92,51.7,183.5714286,14.50123147,188.6,21.59437986
2023-12-27,EcoFit Smart Bottle,2,183,260,47580,3552.68,109.4,49.2,0,0,27,12,4,52,4301.9,53.1,183.1428571,14.46177227,189.2,21.16177426
2023-12-28,EcoFit Smart Bottle,3,167,260,43420,4573.15,109.8,46.7,0,0,28,12,4,52,3552.68,56.6,183.1428571,14.46177227,188.5333333,21.54503436
2023-12-29,EcoFit Smart Bottle,4,191,260,49660,3833.01,108.8,49.9,0,0,29,12,4,52,4573.15,49.2,185.2857143,14.33776233,189.4,21.08374108
2023-12-30,EcoFit Smart Bottle,5,187,260,48620,4182.47,109.5,48.3,0,0,30,12,4,52,3833.01,46.7,183,12.15181742,190.1333333,20.58243867
2023-12-31,EcoFit Smart Bottle,6,214,260,55640,5765.86,109.7,55,0,0,31,12,4,52,4182.47,49.9,189.8571429,14.3111678,191.3333333,20.89767077
2024-01-01,EcoFit Smart Bottle,0,203,245,49735,3544.41,110.4,52.2,0,1,1,1,1,1,5765.86,48.3,190.5714286,14.89806635,191.7,21.00599258
2024-01-02,EcoFit Smart Bottle,1,234,245,57330,5844.76,110.3,48.6,1,0,2,1,1,1,3544.41,55,197,22.0831761,193.2666667,22.35286502
2024-01-03,EcoFit Smart Bottle,2,198,245,48510,5621.4,110,58.5,0,0,3,1,1,1,5844.76,52.2,199.1428571,21.20871339,194.0666667,22.06719102
2024-01-04,EcoFit Smart Bottle,3,184,245,45080,2783.16,110.5,45.7,0,0,4,1,1,1,5621.4,48.6,201.5714286,17.5770413,194.2333333,21.96813261
2024-01-05,EcoFit Smart Bottle,4,183,245,44835,2277.45,109.7,48.3,0,0,5,1,1,1,2783.16,58.5,200.4285714,18.6087537,194.9333333,21.2277199
2024-01-06,EcoFit Smart Bottle,5,200,245,49000,2403.11,108.7,49.5,0,0,6,1,1,1,2277.45,45.7,202.2857143,17.67026019,195.3666667,21.19284742
2024-01-07,EcoFit Smart Bottle,6,188,245,46060,2072.89,108.7,47.7,0,0,7,1,1,1,2403.11,48.3,198.5714286,17.52956686,194.0333333,20.30879431
2024-01-08,EcoFit Smart Bottle,0,174,245,42630,2377.77,108.4,46,0,0,8,1,1,2,2072.89,49.5,194.4285714,19.6117069,191.5333333,17.76616958
2024-01-09,EcoFit Smart Bottle,1,166,245,40670,4732.03,108.8,48.9,0,0,9,1,1,2,2377.77,47.7,184.7142857,12.17530678,189.1666667,16.15673946
2024-01-10,EcoFit Smart Bottle,2,170,245,41650,2284.75,109.4,45.3,0,0,10,1,1,2,4732.03,46,180.7142857,11.67210757,187.7333333,15.87436305
2024-01-11,EcoFit Smart Bottle,3,159,245,38955,10552.85,109.8,71.1,0,0,11,1,1,2,2284.75,48.9,177.1428571,14.07632257,186.3333333,16.5035698
2024-01-12,EcoFit Smart Bottle,4,222,245,54390,5379.5,110.4,48.7,0,0,12,1,1,2,10552.85,45.3,182.7142857,22.17141016,187.8333333,17.63242181
2024-01-13,EcoFit Smart Bottle,5,225,245,55125,2093.09,110.6,43,0,0,13,1,1,2,5379.5,71.1,186.2857143,26.92405545,189.3,18.83348083
2024-01-14,EcoFit Smart Bottle,6,221,245,54145,5257.87,110.9,49.2,1,0,14,1,1,2,2093.09,48.7,191,29.98888683,190.7333333,19.56586284
2024-01-15,EcoFit Smart Bottle,0,197,245,48265,3127.42,110.8,49.6,0,0,15,1,1,3,5257.87,43,194.2857143,29.06151112,190.3666667,19.33280816
2024-01-16,EcoFit Smart Bottle,1,189,245,46305,2472.66,111.1,40.1,0,0,16,1,1,3,3127.42,49.2,197.5714286,26.51953458,190,19.24792868
2024-01-17,EcoFit Smart Bottle,2,176,245,43120,4786.95,111.2,45.7,0,0,17,1,1,3,2472.66,49.6,198.4285714,25.5594545,189.9666667,19.272069
2024-01-18,EcoFit Smart Bottle,3,187,245,45815,16874.4,111.4,75.5,0,0,18,1,1,3,4786.95,40.1,202.4285714,19.93202735,190.1,19.23601149
2024-01-19,EcoFit Smart Bottle,4,245,245,60025,5509.89,111.3,47.8,0,0,19,1,1,3,16874.4,45.7,205.7142857,24.95806006,192.0666667,21.66505741
2024-01-20,EcoFit Smart Bottle,5,226,245,55370,4940.28,111.7,47.2,0,0,20,1,1,3,5509.89,75.5,205.8571429,25.08936409,194.0333333,21.98664694
2024-01-21,EcoFit Smart Bottle,6,217,245,53165,5213.92,111.3,47.5,0,0,21,1,1,3,4940.28,47.8,205.2857143,24.72997025,195.4,22.10102198
2024-01-22,EcoFit Smart Bottle,0,201,245,49245,3128.14,111.3,45.6,0,0,22,1,1,4,5213.92,47.2,205.8571429,24.55217961,195.3333333,22.08031317
2024-01-23,EcoFit Smart Bottle,1,188,245,46060,2709.76,112.1,52.8,0,0,23,1,1,4,3128.14,47.5,205.7142857,24.66924053,196.0666667,21.42820142
2024-01-24,EcoFit Smart Bottle,2,166,245,40670,5002.46,111.5,58.7,0,0,24,1,1,4,2709.76,45.6,204.2857143,26.86828543,195,22.11412406
2024-01-25,EcoFit Smart Bottle,3,194,245,47530,5227.34,110.2,64.1,0,0,25,1,1,4,5002.46,52.8,205.2857143,26.24064459,195.1666667,22.08616876
2024-01-26,EcoFit Smart Bottle,4,241,245,59045,5962.02,110.4,65.5,0,1,26,1,1,4,5227.34,58.7,204.7142857,25.25677655,197.1,23.47904421
2024-01-27,EcoFit Smart Bottle,5,233,245,57085,13415.97,110.3,75.1,0,0,27,1,1,4,5962.02,64.1,172.4285714,79.5672821,191.5333333,42.75006218
2024-01-28,EcoFit Smart Bottle,6,226,245,55370,3488.07,110.9,56.6,0,0,28,1,1,4,13415.97,65.5,141.4285714,99.16628651,185.1666667,55.23247629
2024-01-29,EcoFit Smart Bottle,0,218,245,53410,5105.65,110.8,55.5,0,0,29,1,1,5,3488.07,75.1,143.8571429,101.0584461,186.2,55.55699155
2024-01-30,EcoFit Smart Bottle,1,196,245,48020,3363.21,110.5,54.1,0,0,30,1,1,5,5105.65,56.6,145,101.6841515,185.6,55.34319259
2024-01-31,EcoFit Smart Bottle,2,190,245,46550,5723.03,110.4,66.1,0,0,31,1,1,5,3363.21,55.5,148.4285714,102.9074943,185.1666667,55.25307502
2024-02-01,EcoFit Smart Bottle,3,260,245,63700,5433.65,111.1,57.9,1,0,1,2,1,5,5723.03,54.1,157.8571429,110.5206294,186.0333333,56.24054454
2024-02-02,EcoFit Smart Bottle,4,226,245,55370,3715.98,111.4,58.5,0,0,2,2,1,5,5433.65,66.1,155.7142857,108.7714949,186.9666667,56.6766286
2024-02-03,EcoFit Smart Bottle,5,237,245,58065,5003.48,110,50.8,0,0,3,2,1,5,3715.98,57.9,189.5714286,86.91347641,188.7333333,57.40235087
2024-02-04,EcoFit Smart Bottle,6,231,245,56595,5018.17,110.1,52.3,0,0,4,2,1,5,5003.48,58.5,222.5714286,24.0822005,190.3333333,57.90380449
2024-02-05,EcoFit Smart Bottle,0,196,245,48020,2412.5,110.2,52.2,0,0,5,2,1,6,5018.17,50.8,219.4285714,26.12697931,190.2,57.8853802
2024-02-06,EcoFit Smart Bottle,1,177,245,43365,5610.21,110.2,57.9,0,0,6,2,1,6,2412.5,52.3,216.7142857,29.70810375,189.8333333,57.93461435
2024-02-07,EcoFit Smart Bottle,2,194,245,47530,4021.01,109.8,51.1,0,0,7,2,1,6,5610.21,52.2,217.2857143,29.14168999,190.5,57.86115962
2024-02-08,EcoFit Smart Bottle,3,212,245,51940,5305.83,110.5,68.9,0,0,8,2,1,6,4021.01,57.9,210.4285714,22.24752528,192.0333333,57.79898778
2024-02-09,EcoFit Smart Bottle,4,229,245,56105,3280.2,111.3,53.9,0,0,9,2,1,6,5305.83,51.1,210.8571429,22.62320764,194,58.0267477
2024-02-10,EcoFit Smart Bottle,5,249,245,61005,5582.09,110,55.6,0,0,10,2,1,6,3280.2,68.9,212.5714286,25.23791554,197,58.47958677
2024-02-11,EcoFit Smart Bottle,6,240,245,58800,3556.81,109.5,54.7,0,0,11,2,1,6,5582.09,53.9,213.8571429,26.52940866,197.6,58.83618403
2024-02-12,EcoFit Smart Bottle,0,235,245,57575,2043.35,109.4,51.2,1,0,12,2,1,7,3556.81,55.6,219.4285714,26.24790241,197.9333333,59.0247951
2024-02-13,EcoFit Smart Bottle,1,186,245,45570,5621.53,110,59.3,0,0,13,2,1,7,2043.35,54.7,220.7142857,23.94239118,196.7666667,58.89891008
2024-02-14,EcoFit Smart Bottle,2,202,245,49490,2365.15,110,44.1,0,0,14,2,1,7,5621.53,51.2,221.8571429,22.6084687,196.9333333,58.90666687
2024-02-15,EcoFit Smart Bottle,3,208,245,50960,3277.25,109.6,60.5,0,0,15,2,1,7,2365.15,59.3,221.2857143,22.94714424,197.5666667,58.920568
2024-02-16,EcoFit Smart Bottle,4,214,245,52430,5800.25,110,66,0,0,16,2,1,7,3277.25,44.1,219.1428571,22.80664064,198.8333333,58.84935961
2024-02-17,EcoFit Smart Bottle,5,247,245,60515,5802.43,109.9,66.8,0,0,17,2,1,7,5800.25,60.5,218.8571429,22.37877396,200.8333333,59.4498243
2024-02-18,EcoFit Smart Bottle,6,248,245,60760,4293.75,109.8,58.2,0,0,18,2,1,7,5802.43,66,220,23.797759,200.9333333,59.52914866
2024-02-19,EcoFit Smart Bottle,0,221,245,54145,4527.35,109.8,60.6,0,0,19,2,1,8,4293.75,66.8,218,22.89832599,200.7666667,59.46351146
2024-02-20,EcoFit Smart Bottle,1,222,245,54390,3793.78,110.1,51.6,0,0,20,2,1,8,4527.35,58.2,223.1428571,18.04095869,200.9333333,59.51756237
2024-02-21,EcoFit Smart Bottle,2,222,245,54390,3172.84,110,59.1,0,0,21,2,1,8,3793.78,60.6,226,15.54563176,201.6333333,59.64173691
2024-02-22,EcoFit Smart Bottle,3,233,245,57085,3314.66,110.4,56.6,1,0,22,2,1,8,3172.84,51.6,229.5714286,13.45185418,203.1333333,59.8525391
2024-02-23,EcoFit Smart Bottle,4,229,245,56105,4690.07,110.3,56,0,0,23,2,1,8,3314.66,59.1,231.7142857,11.62919151,205.2333333,59.60946658
2024-02-24,EcoFit Smart Bottle,5,248,245,60760,5009.5,109.7,63.4,0,0,24,2,1,8,4690.07,56.6,231.8571429,11.8522652,207.0333333,60.07207357
2024-02-25,EcoFit Smart Bottle,6,237,245,58065,5166.32,109.7,64.1,0,0,25,2,1,8,5009.5,56,230.2857143,9.928314488,206.9,59.99847699
2024-02-26,EcoFit Smart Bottle,0,231,245,56595,5158.47,109.1,60.1,0,0,26,2,1,9,5166.32,63.4,231.7142857,9.050124966,214.6,45.63317003
2024-02-27,EcoFit Smart Bottle,1,210,245,51450,2364.82,109.1,56.6,0,0,27,2,1,9,5158.47,64.1,230,11.88836967,221.6,21.0804698
2024-02-28,EcoFit Smart Bottle,2,378,245,92610,3977.68,109.6,52.6,0,0,28,2,1,9,2364.82,60.1,252.2857143,56.58537587,226.9333333,35.46823089
2024-02-29,EcoFit Smart Bottle,3,209,245,51205,2230.24,108.9,60.7,0,0,29,2,1,9,3977.68,56.6,248.8571429,58.63852139,227.3666667,35.15530404
2024-03-01,EcoFit Smart Bottle,4,219,245,53655,4198.12,109.1,54.1,0,0,1,3,1,9,2230.24,52.6,247.4285714,59.32075843,228.3333333,34.48471259
2024-03-02,EcoFit Smart Bottle,5,241,245,59045,3766.12,108.6,54.4,0,0,2,3,1,9,4198.12,60.7,246.4285714,59.36850215,227.7,34.05487458
2024-03-03,EcoFit Smart Bottle,6,242,245,59290,5550.82,108.8,62,0,0,3,3,1,9,3766.12,54.1,247.1428571,59.26614709,228.2333333,34.15248094
2024-03-04,EcoFit Smart Bottle,0,227,245,55615,3403.66,109.3,63.1,0,0,4,3,1,10,5550.82,54.4,246.5714286,59.46667734,227.9,34.1127441
2024-03-05,EcoFit Smart Bottle,1,203,245,49735,6914.33,108,70.3,0,0,5,3,1,10,3403.66,62,245.5714286,60.23801995,226.9666667,34.40677894
2024-03-06,EcoFit Smart Bottle,2,238,245,58310,2571.97,107.3,56.2,0,0,6,3,1,10,6914.33,63.1,225.5714286,15.76765828,228.3666667,33.95482123
2024-03-07,EcoFit Smart Bottle,3,239,245,58555,5046.04,107.1,65.2,1,0,7,3,1,10,2571.97,70.3,229.8571429,14.54222096,230.4333333,32.57954016
2024-03-08,EcoFit Smart Bottle,4,245,245,60025,4472.87,107.3,51.9,0,0,8,3,1,10,5046.04,56.2,233.5714286,14.62711116,232.1333333,31.93715092
2024-03-09,EcoFit Smart Bottle,5,255,245,62475,2404.49,107.2,52.8,0,0,9,3,1,10,4472.87,65.2,235.5714286,16.63186843,233.5666667,31.96731449
2024-03-10,EcoFit Smart Bottle,6,236,245,57820,2336.43,107.2,53,0,0,10,3,1,10,2404.49,51.9,234.7142857,16.39831583,233.8,31.9583781
2024-03-11,EcoFit Smart Bottle,0,206,245,50470,4803.88,108.4,67.8,0,0,11,3,1,11,2336.43,52.8,231.7142857,19.64445881,232.3666667,32.21638407
2024-03-12,EcoFit Smart Bottle,1,218,245,53410,2291.05,107.7,60,0,0,12,3,1,11,4803.88,53,233.8571429,16.56732297,231.6333333,32.28694979
2024-03-13,EcoFit Smart Bottle,2,216,245,52920,17746.54,108.4,88.7,0,0,13,3,1,11,2291.05,67.8,230.7142857,17.6985337,231,32.40476764
2024-03-14,EcoFit Smart Bottle,3,280,245,68600,4824.97,108.1,63.6,0,0,14,3,1,11,17746.54,60,236.5714286,25.81896682,234.1333333,32.44808409
2024-03-15,EcoFit Smart Bottle,4,271,245,66395,2325.4,108.5,65.2,0,0,15,3,1,11,4824.97,88.7,240.2857143,28.91778164,236.4333333,32.53717591
2024-03-16,EcoFit Smart Bottle,5,241,245,59045,2339.35,109.8,56.7,0,0,16,3,1,11,2325.4,63.6,238.2857143,28.20587578,237.5333333,32.09762408
2024-03-17,EcoFit Smart Bottle,6,253,245,61985,5946.56,110.2,58.4,0,0,17,3,1,11,2339.35,65.2,240.7142857,28.70374125,238.8333333,31.9007981
2024-03-18,EcoFit Smart Bottle,0,222,245,54390,3497.08,110.4,65.6,0,0,18,3,1,12,5946.56,56.7,243,25.98717632,238,32.00646486
2024-03-19,EcoFit Smart Bottle,1,215,245,52675,3482.57,111.4,61.2,0,0,19,3,1,12,3497.08,58.4,242.5714286,26.48809256,236.9,32.21731169
2024-03-20,EcoFit Smart Bottle,2,224,245,54880,13452.39,112,85.2,0,0,20,3,1,12,3482.57,65.6,243.7142857,25.2963389,237,32.17087996
2024-03-21,EcoFit Smart Bottle,3,306,245,74970,5788.99,111.5,65.1,1,0,21,3,1,12,13452.39,61.2,247.4285714,32.41839572,239.8,34.3986768
2024-03-22,EcoFit Smart Bottle,4,253,245,61985,5944,111.7,61.6,0,0,22,3,1,12,5788.99,85.2,244.8571429,30.91616929,240.8333333,34.31103505
2024-03-23,EcoFit Smart Bottle,5,275,245,67375,5013.51,110.7,66.1,0,0,23,3,1,12,5944,65.1,249.7142857,32.82130551,242.2333333,34.83328109
2024-03-24,EcoFit Smart Bottle,6,260,245,63700,3505.04,110.4,61.3,0,0,24,3,1,12,5013.51,61.6,250.7142857,33.04398223,243.2666667,34.88694384
2024-03-25,EcoFit Smart Bottle,0,240,245,58800,2334,110.6,60,0,0,25,3,1,13,3505.04,66.1,253.2857143,31.07900838,243,34.88009016
2024-03-26,EcoFit Smart Bottle,1,229,245,56105,5108.59,110.2,72.8,0,0,26,3,1,13,2334,61.3,255.2857143,28.5523746,242.7333333,34.95803724
2024-03-27,EcoFit Smart Bottle,2,242,245,59290,4233.62,110.4,57.7,0,0,27,3,1,13,5108.59,60,257.8571429,25.95784128,243.1,34.88834407
2024-03-28,EcoFit Smart Bottle,3,251,245,61495,3696.89,110.4,63.7,0,0,28,3,1,13,4233.62,72.8,250,14.94434118,244.4666667,34.34584082
2024-03-29,EcoFit Smart Bottle,4,246,245,60270,19082.34,110.7,89.1,0,0,29,3,1,13,3696.89,57.7,249,14.94434118,240.0666667,23.34144358
2024-03-30,EcoFit Smart Bottle,5,304,245,74480,2444.79,110.4,47.1,0,0,30,3,1,13,19082.34,63.7,253.1428571,24.38871714,243.2333333,25.34000971
2024-03-31,EcoFit Smart Bottle,6,274,245,67130,3970.5,109.9,63,0,0,31,3,1,13,2444.79,89.1,255.1428571,25.58924625,245.0666667,25.51528728
2024-04-01,EcoFit Smart Bottle,0,229,245,56105,2045.41,110.7,59.7,0,0,1,4,2,14,3970.5,47.1,253.5714286,26.97441469,244.6666667,25.67480092
2024-04-02,EcoFit Smart Bottle,1,219,245,53655,3874.64,110.4,66.5,0,0,2,4,2,14,2045.41,63,252.1428571,28.70208222,243.9,26.09709985
2024-04-03,EcoFit Smart Bottle,2,237,245,58065,2225.21,110.8,59.2,0,0,3,4,2,14,3874.64,59.7,251.4285714,29.05659502,244.2333333,25.93716988
2024-04-04,EcoFit Smart Bottle,3,252,245,61740,2475.27,111.7,53.5,1,0,4,4,2,14,2225.21,66.5,251.5714286,29.05659502,245.8666667,24.76751673
2024-04-05,EcoFit Smart Bottle,4,241,245,59045,2470.1,111.8,56.9,0,0,5,4,2,14,2475.27,59.2,250.8571429,29.27700219,245.9666667,24.74070126
2024-04-06,EcoFit Smart Bottle,5,260,245,63700,4596.84,111.3,72,0,0,6,4,2,14,2470.1,53.5,244.5714286,18.82247896,246.6666667,24.83369976
2024-04-07,EcoFit Smart Bottle,6,268,245,65660,4984.18,111.2,62.2,0,0,7,4,2,14,4596.84,56.9,243.7142857,17.33699595,247.4333333,25.13368852
2024-04-08,EcoFit Smart Bottle,0,248,245,60760,13969.11,111.8,92.4,0,0,8,4,2,15,4984.18,72,246.4285714,16.09199742,247.2,25.0934804
2024-04-09,EcoFit Smart Bottle,1,273,245,66885,5848.69,111.9,73.6,0,0,9,4,2,15,13969.11,62.2,254.1428571,13.4836762,248.4333333,25.43102007
2024-04-10,EcoFit Smart Bottle,2,276,245,67620,3499.48,111.2,62.2,0,0,10,4,2,15,5848.69,92.4,259.7142857,13.27546968,250.7666667,24.60121014
2024-04-11,EcoFit Smart Bottle,3,254,245,62230,3142.85,111.5,59.6,0,0,11,4,2,15,3499.48,73.6,260,13.10216267,251.9666667,23.81318576
2024-04-12,EcoFit Smart Bottle,4,270,245,66150,5474.4,112,73.3,0,0,12,4,2,15,3142.85,62.2,264.1428571,10.39917579,253.7666667,23.02874266
2024-04-13,EcoFit Smart Bottle,5,288,245,70560,2894.38,111.8,61.8,0,0,13,4,2,15,5474.4,59.6,268.1428571,13.4713099,254.0333333,23.38653213
2024-04-14,EcoFit Smart Bottle,6,278,245,68110,5852.89,112.2,61.3,0,0,14,4,2,15,2894.38,73.3,269.5714286,13.97446651,254.2666667,23.59563568
2024-04-15,EcoFit Smart Bottle,0,247,245,60515,2048.62,112.3,64.4,0,0,15,4,2,16,5852.89,61.8,269.4285714,14.23443176,254.4666667,23.50456057
2024-04-16,EcoFit Smart Bottle,1,239,245,58555,5879.52,112.2,71.4,0,0,16,4,2,16,2048.62,61.3,264.5714286,18.09103961,254,23.67306049
2024-04-17,EcoFit Smart Bottle,2,256,245,62720,2172.64,111.4,67.8,0,0,17,4,2,16,5879.52,64.4,261.7142857,17.55671083,255.1333333,22.88913812
2024-04-18,EcoFit Smart Bottle,3,241,245,59045,5564.57,112.1,70.7,0,0,18,4,2,16,2172.64,71.4,259.8571429,19.12614765,256,21.78262515
2024-04-19,EcoFit Smart Bottle,4,273,245,66885,4110.8,112.5,63.4,0,0,19,4,2,16,5564.57,67.8,260.2857143,19.42261814,257.6333333,21.1276634
2024-04-20,EcoFit Smart Bottle,5,290,245,71050,5971.86,112.9,76.4,0,0,20,4,2,16,4110.8,70.7,260.5714286,19.90692629,257.1,20.03849743
2024-04-21,EcoFit Smart Bottle,6,287,245,70315,2295.19,113.8,69.6,0,0,21,4,2,16,5971.86,63.4,261.8571429,21.45094071,258.2333333,20.74755213
2024-04-22,EcoFit Smart Bottle,0,244,245,59780,4215.42,114.4,67.9,0,0,22,4,2,17,2295.19,76.4,261.4285714,21.82397109,257.2,20.655466
2024-04-23,EcoFit Smart Bottle,1,260,245,63700,5877.21,114.8,70.5,0,0,23,4,2,17,4215.42,69.6,264.4285714,19.55212813,257.2,20.655466
2024-04-24,EcoFit Smart Bottle,2,257,245,62965,4092.39,113.4,60.1,0,0,24,4,2,17,5877.21,67.9,264.5714286,19.48381502,257.7666667,20.39892379
2024-04-25,EcoFit Smart Bottle,3,261,245,63945,4517.59,114.2,64.6,0,0,25,4,2,17,4092.39,70.5,267.4285714,16.72181353,258.8333333,19.66632573
2024-04-26,EcoFit Smart Bottle,4,264,245,64680,4782.99,114.2,72.1,0,0,26,4,2,17,4517.59,60.1,266.1428571,16.56732297,259.5666667,19.42569101
2024-04-27,EcoFit Smart Bottle,5,284,245,69580,3818.16,114.4,63.7,0,0,27,4,2,17,4782.99,64.6,265.2857143,15.22841955,260.6666667,19.85348633
2024-04-28,EcoFit Smart Bottle,6,286,245,70070,4510.23,114.6,60.7,0,0,28,4,2,17,3818.16,72.1,265.1428571,14.99364945,262,20.17509561
2024-04-29,EcoFit Smart Bottle,0,252,245,61740,4337.26,115.1,85.2,0,0,29,4,2,18,4510.23,63.7,266.2857143,13.32559299,260.2666667,18.61577628
2024-04-30,EcoFit Smart Bottle,1,269,245,65905,5604.63,115.7,63,0,0,30,4,2,18,4337.26,60.7,267.5714286,13.04935685,260.1,18.51066794
2024-05-01,EcoFit Smart Bottle,2,259,245,63455,8568.58,116.1,87.6,0,0,1,5,2,18,5604.63,85.2,267.8571429,12.79880947,261.1,17.55847374
2024-05-02,EcoFit Smart Bottle,3,272,245,66640,3123.85,116.4,64,0,0,2,5,2,18,8568.58,63,269.4285714,12.48808956,262.8666667,15.74962141
2024-05-03,EcoFit Smart Bottle,4,280,245,68600,5801.65,116.5,70.5,0,0,3,5,2,18,3123.85,87.6,271.7142857,12.78950463,264.3,15.26354684
2024-05-04,EcoFit Smart Bottle,5,297,245,72765,5561.06,114.5,67.2,0,0,4,5,2,18,5801.65,64,273.5714286,15.52264091,265.8,16.19578489
2024-05-05,EcoFit Smart Bottle,6,322,245,78890,3822.63,114.4,71.1,1,0,5,5,2,18,5561.06,70.5,278.7142857,23.98412173,268.5,18.50582387
2024-05-06,EcoFit Smart Bottle,0,260,245,63700,4480.53,113.8,61.4,0,0,6,5,2,19,3822.63,67.2,279.8571429,22.65265673,268.5,18.50582387
2024-05-07,EcoFit Smart Bottle,1,264,245,64680,3109.52,114.5,56.7,0,0,7,5,2,19,4480.53,71.1,279.1428571,23.12594914,268.3666667,18.52395157
2024-05-08,EcoFit Smart Bottle,2,249,245,61005,2752.48,114.9,73.3,0,0,8,5,2,19,3109.52,61.4,277.7142857,24.82414339,268.4,18.48690123
2024-05-09,EcoFit Smart Bottle,3,261,245,63945,3854.79,114.6,63.5,0,0,9,5,2,19,2752.48,56.7,276.1428571,25.58273227,268,18.5137414
2024-05-10,EcoFit Smart Bottle,4,281,245,68845,3413.41,114.4,70.4,0,0,10,5,2,19,3854.79,73.3,276.2857143,25.61063767,268.1666667,18.61049636
2024-05-11,EcoFit Smart Bottle,5,289,245,70805,4334.62,114.2,63.2,0,0,11,5,2,19,3413.41,63.5,275.1428571,24.69432169,269.3333333,18.78798834
2024-05-12,EcoFit Smart Bottle,6,278,245,68110,2310.94,113.9,68.2,0,0,12,5,2,19,4334.62,70.4,268.8571429,14.11179851,269.6,18.8544333
2024-05-13,EcoFit Smart Bottle,0,250,245,61250,5897.58,113,80.3,0,0,13,5,2,20,2310.94,63.2,267.4285714,15.58692981,268.3333333,18.85211656
2024-05-14,EcoFit Smart Bottle,1,264,245,64680,5944.84,112,69.3,0,0,14,5,2,20,5897.58,68.2,267.4285714,15.58692981,267.8666667,18.7777075
2024-05-15,EcoFit Smart Bottle,2,267,245,65415,4792.65,112.1,60.1,0,0,15,5,2,20,5944.84,80.3,270,13.3666251,268.5333333,18.36175435
2024-05-16,EcoFit Smart Bottle,3,271,245,66395,4144.39,112.7,76.9,0,0,16,5,2,20,4792.65,69.3,271.4285714,12.76528029,269.6,17.4960094
2024-05-17,EcoFit Smart Bottle,4,266,245,65170,3238.11,112.4,71.3,0,0,17,5,2,20,4144.39,60.1,269.2857143,12.13417056,269.9333333,17.32236611
2024-05-18,EcoFit Smart Bottle,5,294,245,72030,5255.18,112.6,68.4,0,0,18,5,2,20,3238.11,76.9,270,13.55236757,271.7,16.96883553
2024-05-19,EcoFit Smart Bottle,6,283,245,69335,4738.92,113,68.7,0,0,19,5,2,20,5255.18,71.3,270.7142857,14.16232426,272.0333333,17.093018
2024-05-20,EcoFit Smart Bottle,0,281,245,68845,2650.47,112.4,60.1,0,0,20,5,2,21,4738.92,68.4,275.1428571,11.12697281,271.7333333,16.84397638
2024-05-21,EcoFit Smart Bottle,1,245,245,60025,5643.71,112.4,78.8,0,0,21,5,2,21,2650.47,68.7,272.4285714,15.68286903,270.3333333,17.27133031
2024-05-22,EcoFit Smart Bottle,2,266,245,65170,5290.15,112,68.3,0,0,22,5,2,21,5643.71,60.1,272.2857143,15.74499165,271.0666667,16.56738244
2024-05-23,EcoFit Smart Bottle,3,282,245,69090,5799.2,113,64.9,0,0,23,5,2,21,5290.15,78.8,273.8571429,16.13927478,271.8,16.5475282
2024-05-24,EcoFit Smart Bottle,4,279,245,68355,4902.88,113.9,71.3,0,0,24,5,2,21,5799.2,68.3,275.7142857,15.82944814,272.5333333,16.35539209
2024-05-25,EcoFit Smart Bottle,5,335,245,82075,4453.66,113.3,65.1,1,0,25,5,2,21,4902.88,64.9,281.5714286,27.21431696,275,19.77807912
2024-05-26,EcoFit Smart Bottle,6,279,245,68355,3672.97,113.5,62.7,0,0,26,5,2,21,4453.66,71.3,281,27.22131518,275.5,19.67976381
2024-05-27,EcoFit Smart Bottle,0,274,245,67130,5730.91,114.2,69.8,0,0,27,5,2,22,3672.97,65.1,280,27.34958866,275.1666667,19.61541149
2024-05-28,EcoFit Smart Bottle,1,266,245,65170,5464.26,114.7,71.9,0,0,28,5,2,22,5730.91,62.7,283,23.79075451,274.5,19.57434986
2024-05-29,EcoFit Smart Bottle,2,266,245,65170,2180.87,114.7,58,0,0,29,5,2,22,5464.26,69.8,283,23.79075451,274.9666667,19.18239734
2024-05-30,EcoFit Smart Bottle,3,255,245,62475,2105.47,115.5,71.6,0,0,30,5,2,22,2180.87,71.9,279.1428571,26.06036947,274.5,19.50022104
2024-05-31,EcoFit Smart Bottle,4,286,245,70070,3505.85,115,70.9,0,0,31,5,2,22,2105.47,58,280.1428571,26.18796525,275.4,19.38289328
2024-06-01,EcoFit Smart Bottle,5,286,245,70070,20459.32,114.8,99.6,0,0,1,6,2,22,3505.85,71.6,273.1428571,11.52430145,275.8666667,19.46656432
2024-06-02,EcoFit Smart Bottle,6,332,245,81340,5949.1,114.3,67.9,0,0,2,6,2,22,20459.32,70.9,280.7142857,25.2501768,277.6,21.99780553
2024-06-03,EcoFit Smart Bottle,0,289,245,70805,2601.67,114.7,65.2,0,0,3,6,2,23,5949.1,99.6,282.8571429,25.22187259,277.3333333,21.80214057
2024-06-04,EcoFit Smart Bottle,1,244,245,59780,4376.52,114.4,73.7,0,0,4,6,2,23,2601.67,67.9,279.7142857,28.79070617,274.7333333,20.92504412
2024-06-05,EcoFit Smart Bottle,2,278,245,68110,3523.56,114.3,71.2,0,0,5,6,2,23,4376.52,65.2,281.4285714,28.18898806,275.3333333,20.74530829
2024-06-06,EcoFit Smart Bottle,3,262,245,64190,20105,114.7,100,0,0,6,6,2,23,3523.56,73.7,282.4285714,27.20206575,275.2666667,20.78615808
2024-06-07,EcoFit Smart Bottle,4,334,245,81830,5368.48,115.1,68.7,0,0,7,6,2,23,20105,71.2,289.2857143,33.55947102,278.1,22.77983076
2024-06-08,EcoFit Smart Bottle,5,352,245,86240,5353.31,114.5,56.5,1,0,8,6,2,23,5368.48,100,298.7142857,40.94188681,281.1333333,26.2228294
2024-06-09,EcoFit Smart Bottle,6,285,245,69825,3874.77,115.2,74.3,0,0,9,6,2,23,5353.31,68.7,292,38.34492578,281.2666667,26.23229562
2024-06-10,EcoFit Smart Bottle,0,260,245,63700,3659.28,115.4,66.8,0,0,10,6,2,24,3874.77,56.5,287.8571429,40.24271599,280.3,26.47073856
2024-06-11,EcoFit Smart Bottle,1,290,245,71050,3093.63,114.8,69.8,1,0,11,6,2,24,3659.28,74.3,294.4285714,35.34523609,280.7,26.52539447
2024-06-12,EcoFit Smart Bottle,2,266,245,65170,2225.5,114,73,0,0,12,6,2,24,3093.63,66.8,292.7142857,36.5454707,281.2333333,26.04331052
2024-06-13,EcoFit Smart Bottle,3,266,245,65170,5458.89,114,83.3,0,0,13,6,2,24,2225.5,69.8,293.2857143,36.01256395,281.3,26.00019894
2024-06-14,EcoFit Smart Bottle,4,329,245,80605,5251.6,114.5,67.4,1,0,14,6,2,24,5458.89,73,292.5714286,35.10867482,283.3666667,27.25800526
2024-06-15,EcoFit Smart Bottle,5,311,245,76195,5998.87,115,72.8,0,0,15,6,2,24,5251.6,83.3,286.7142857,25.70158416,284.7,27.60828212
2024-06-16,EcoFit Smart Bottle,6,291,245,71295,5986.55,115.2,78.9,0,0,16,6,2,24,5998.87,67.4,287.5714286,25.73491236,285.5333333,27.40089771
2024-06-17,EcoFit Smart Bottle,0,268,245,65660,4221.73,115.3,64.2,0,0,17,6,2,25,5986.55,72.8,288.7142857,24.45209116,284.6666667,27.53472207
2024-06-18,EcoFit Smart Bottle,1,262,245,64190,5075.95,115.6,67.2,0,0,18,6,2,25,4221.73,78.9,284.7142857,26.41788716,283.9666667,27.84375536
2024-06-19,EcoFit Smart Bottle,2,267,245,65415,5779.06,115.1,68.5,0,0,19,6,2,25,5075.95,64.2,284.8571429,26.30227222,283.5,28.01200482
2024-06-20,EcoFit Smart Bottle,3,277,245,67865,5398.59,116.1,70.5,0,0,20,6,2,25,5779.06,67.2,286.4285714,25.29728011,284.5666667,27.0894856
2024-06-21,EcoFit Smart Bottle,4,292,245,71540,2989.39,117.1,64.7,1,0,21,6,2,25,5398.59,68.5,281.1428571,17.62033457,285.4333333,26.89017682
2024-06-22,EcoFit Smart Bottle,5,441,245,108045,3802.18,117.3,64.3,0,0,22,6,2,25,2989.39,70.5,299.7142857,63.39220322,290.7333333,39.09134602
2024-06-23,EcoFit Smart Bottle,6,284,245,69580,2516.64,117.5,59.8,0,0,23,6,2,25,3802.18,64.7,298.7142857,63.60742694,290.9,39.0502329
2024-06-24,EcoFit Smart Bottle,0,253,245,61985,5816.2,117.2,75.3,0,0,24,6,2,26,2516.64,64.3,296.5714286,65.05089582,288.1666667,38.7254557
2024-06-25,EcoFit Smart Bottle,1,274,245,67130,4424.7,117.5,75,0,0,25,6,2,26,5816.2,59.8,298.2857143,64.13972842,288,38.77699282
2024-06-26,EcoFit Smart Bottle,2,271,245,66395,2914.57,117.1,72.6,0,0,26,6,2,26,4424.7,75.3,298.8571429,63.83162375,287.9,38.81818806
2024-06-27,EcoFit Smart Bottle,3,272,245,66640,4686.8,115.8,66.3,0,0,27,6,2,26,2914.57,75,298.1428571,64.14418283,288.1,38.71678777
2024-06-28,EcoFit Smart Bottle,4,277,245,67865,4472.51,114.1,72.5,0,0,28,6,2,26,4686.8,72.6,296,64.63229327,288.4666667,38.55200995
2024-06-29,EcoFit Smart Bottle,5,296,245,72520,3432.65,113.7,67.2,0,0,29,6,2,26,4472.51,66.3,275.2857143,13.13664449,289.8333333,38.0481395
2024-06-30,EcoFit Smart Bottle,6,295,245,72275,2454.23,113.8,61.1,0,0,30,6,2,26,3432.65,72.5,276.8571429,14.89327109,290.1333333,38.05235353
2024-07-01,EcoFit Smart Bottle,0,263,245,64435,4686.29,114,72,0,0,1,7,3,27,2454.23,67.2,278.2857143,12.51285054,289.3666667,38.36888406
2024-07-02,EcoFit Smart Bottle,1,248,245,60760,4081.23,113.7,64,0,0,2,7,3,27,4686.29,61.1,274.5714286,17.03777316,286.5666667,38.21507496
2024-07-03,EcoFit Smart Bottle,2,259,245,63455,5089.27,113.8,67.1,0,0,3,7,3,27,4081.23,72,272.8571429,18.03171809,285.5666667,38.54033564
2024-07-04,EcoFit Smart Bottle,3,261,270,70470,4080.65,113.6,60,0,0,4,7,3,27,5089.27,64,271.2857143,18.5895516,286.1333333,38.02969197
2024-07-05,EcoFit Smart Bottle,4,274,270,73980,5408.73,113,67.1,0,0,5,7,3,27,4080.65,67.1,270.8571429,18.47005298,286,38.06618556
2024-07-06,EcoFit Smart Bottle,5,293,270,79110,4207.63,113,68.2,0,0,6,7,3,27,5408.73,60,270.4285714,17.81251566,287.0333333,37.81213392
2024-07-07,EcoFit Smart Bottle,6,274,270,73980,4243.75,113.4,74.7,0,0,7,7,3,27,4207.63,67.1,267.4285714,14.43210706,285.0333333,36.81592921
2024-07-08,EcoFit Smart Bottle,0,261,270,70470,19224.86,112.9,94.9,0,0,8,7,3,28,4243.75,68.2,267.1428571,14.55367733,282,34.80190245
2024-07-09,EcoFit Smart Bottle,1,289,270,78030,3613.93,112.3,60.2,0,0,9,7,3,28,19224.86,74.7,273,13.79613472,282.1333333,34.82144933
2024-07-10,EcoFit Smart Bottle,2,278,270,75060,2536.06,111.7,70.6,0,0,10,7,3,28,3613.93,94.9,275.7142857,12.37893756,282.7333333,34.58117221
2024-07-11,EcoFit Smart Bottle,3,241,270,65070,2115.13,110.5,59.6,0,0,11,7,3,28,2536.06,60.2,272.8571429,17.56349027,281.1,35.37420646
2024-07-12,EcoFit Smart Bottle,4,258,270,69660,5020.55,110.2,59.1,0,0,12,7,3,28,2115.13,70.6,270.5714286,18.41065944,280.8333333,35.5218081
2024-07-13,EcoFit Smart Bottle,5,280,270,75600,4481.24,110.6,67.3,0,0,13,7,3,28,5020.55,59.6,268.7142857,16.30658646,281.3,35.41200848
2024-07-14,EcoFit Smart Bottle,6,284,270,76680,4816.32,110.7,65.5,0,0,14,7,3,28,4481.24,59.1,270.1428571,17.25715863,279.8,34.25603395
2024-07-15,EcoFit Smart Bottle,0,237,270,63990,2851.86,110.6,74.6,0,0,15,7,3,29,4816.32,67.3,266.7142857,21.28938926,277.3333333,34.59453149
2024-07-16,EcoFit Smart Bottle,1,243,270,65610,2545.49,110.7,64.7,0,0,16,7,3,29,2851.86,65.5,260.1428571,20.34230871,275.7333333,35.04768509
2024-07-17,EcoFit Smart Bottle,2,247,270,66690,2058.18,110.4,60.5,0,0,17,7,3,29,2545.49,74.6,255.7142857,19.14605517,275.0333333,35.4152542
2024-07-18,EcoFit Smart Bottle,3,238,270,64260,3402.35,109.3,59.2,0,0,18,7,3,29,2058.18,64.7,255.2857143,19.55943324,274.2333333,35.9862841
2024-07-19,EcoFit Smart Bottle,4,271,270,73170,4359.67,109.7,67.2,0,0,19,7,3,29,3402.35,60.5,257.1428571,20.4566906,274.3666667,35.96596411
2024-07-20,EcoFit Smart Bottle,5,269,270,72630,3568.98,110.4,71.2,0,0,20,7,3,29,4359.67,59.2,255.5714286,18.76039394,274.1,35.97542264
2024-07-21,EcoFit Smart Bottle,6,277,270,74790,3749.9,109.9,65.7,0,0,21,7,3,29,3568.98,67.2,254.5714286,17.10611141,273.6,35.82197361
2024-07-22,EcoFit Smart Bottle,0,256,270,69120,5616.63,109.8,63.5,0,0,22,7,3,30,3749.9,71.2,257.2857143,15.26121758,267.4333333,16.97804532
2024-07-23,EcoFit Smart Bottle,1,264,270,71280,3393.02,109.7,65.8,0,0,23,7,3,30,5616.63,65.7,260.2857143,13.99659823,266.7666667,16.69541199
2024-07-24,EcoFit Smart Bottle,2,239,270,64530,4055.96,109.9,64,0,0,24,7,3,30,3393.02,63.5,259.1428571,15.50729475,266.3,17.27894872
2024-07-25,EcoFit Smart Bottle,3,246,270,66420,5134.61,110.9,68.5,0,0,25,7,3,30,4055.96,65.8,260.2857143,13.90101058,265.3666667,17.60188731
2024-07-26,EcoFit Smart Bottle,4,274,270,73980,3586.17,111.6,61.3,0,0,26,7,3,30,5134.61,64,260.7142857,14.3261333,265.4666667,17.64346774
2024-07-27,EcoFit Smart Bottle,5,278,270,75060,4488.35,111.4,62.8,0,0,27,7,3,30,3586.17,68.5,262,15.54563176,265.6666667,17.75374333
2024-07-28,EcoFit Smart Bottle,6,258,270,69660,5449.45,111.7,64.4,0,0,28,7,3,30,4488.35,61.3,259.2857143,14.07970508,265.0333333,17.67422306
2024-07-29,EcoFit Smart Bottle,0,251,270,67770,5798.08,112.5,71.7,0,0,29,7,3,31,5449.45,62.8,258.5714286,14.3974204,263.5333333,16.84561405
2024-07-30,EcoFit Smart Bottle,1,255,270,68850,2588.29,112.7,58.6,0,0,30,7,3,31,5798.08,64.4,257.2857143,14.23275899,262.2,15.82098127
2024-07-31,EcoFit Smart Bottle,2,248,270,66960,5706.35,112.7,64.2,0,0,31,7,3,31,2588.29,71.7,258.5714286,12.62084444,261.7,16.03046668
2024-08-01,EcoFit Smart Bottle,3,248,270,66960,3968.47,113,58.2,0,0,1,8,3,31,5706.35,58.6,258.8571429,12.30756639,261.7,16.03046668
2024-08-02,EcoFit Smart Bottle,4,234,270,63180,10736.11,112.6,78.5,0,0,2,8,3,31,3968.47,64.2,253.1428571,13.34701679,260.8666667,16.80667629
2024-08-03,EcoFit Smart Bottle,5,299,270,80730,3836.54,112.2,63.9,0,0,3,8,3,31,10736.11,58.2,256.1428571,20.37505478,262.1333333,18.19195224
2024-08-04,EcoFit Smart Bottle,6,238,270,64260,5920.13,111.6,64.1,1,0,4,8,3,31,3836.54,78.5,253.2857143,21.44539023,260.9333333,18.56569572
2024-08-05,EcoFit Smart Bottle,0,238,270,64260,3970.47,111.8,58.7,0,0,5,8,3,32,5920.13,63.9,251.4285714,22.2250395,259.1,17.9968388
2024-08-06,EcoFit Smart Bottle,1,217,270,58590,3315.01,111.7,70.1,0,0,6,8,3,32,3970.47,64.1,246,25.59296778,257.2,19.32909189
2024-08-07,EcoFit Smart Bottle,2,241,270,65070,4533.6,111.2,53.6,0,0,7,8,3,32,3315.01,58.7,245,25.6385127,256.5333333,19.53729119
2024-08-08,EcoFit Smart Bottle,3,250,270,67500,2960.58,111.1,62.2,0,0,8,8,3,32,4533.6,70.1,245.2857143,25.68861152,255.2333333,18.57637234
2024-08-09,EcoFit Smart Bottle,4,241,270,65070,2303.45,111.4,64.7,0,0,9,8,3,32,2960.58,53.6,246.2857143,25.30951261,254,18.23789159
2024-08-10,EcoFit Smart Bottle,5,317,270,85590,2515.52,112.5,41.6,1,0,10,8,3,32,2303.45,62.2,248.8571429,31.67243055,256.5333333,21.3779347
2024-08-11,EcoFit Smart Bottle,6,260,270,70200,2512.18,113.1,62.3,0,0,11,8,3,32,2515.52,64.7,252,31.50661306,256.6,21.38578322
2024-08-12,EcoFit Smart Bottle,0,235,270,63450,2607.61,111.8,57.2,0,0,12,8,3,33,2512.18,41.6,251.5714286,31.74826579,255.1,21.26572441
2024-08-13,EcoFit Smart Bottle,1,217,270,58590,2555.31,111.9,59.3,0,0,13,8,3,33,2607.61,62.3,251.5714286,31.74826579,252.8666667,21.64085111
2024-08-14,EcoFit Smart Bottle,2,226,270,61020,4563.5,112.8,60.3,0,0,14,8,3,33,2555.31,57.2,249.4285714,33.05983032,252.5,22.00901069
2024-08-15,EcoFit Smart Bottle,3,260,270,70200,2727.52,112,63.4,0,1,15,8,3,33,4563.5,59.3,250.8571429,33.30379644,253.0666667,21.97480271
2024-08-16,EcoFit Smart Bottle,4,239,270,64530,3382.67,112.3,61,0,0,16,8,3,33,2727.52,60.3,250.5714286,33.41086222,252.8,22.09914962
2024-08-17,EcoFit Smart Bottle,5,259,270,69930,5587.15,112.2,64.1,0,0,17,8,3,33,3382.67,63.4,242.2857143,17.67968972,253.5,21.94625096
2024-08-18,EcoFit Smart Bottle,6,270,270,72900,3895.85,112.8,55.4,0,0,18,8,3,33,5587.15,61,243.7142857,19.64445881,253.4666667,21.91949744
2024-08-19,EcoFit Smart Bottle,0,238,270,64260,4670.23,113.1,70.6,0,0,19,8,3,34,3895.85,64.1,244.1428571,19.45446454,252.4333333,21.89265872
2024-08-20,EcoFit Smart Bottle,1,237,270,63990,2689.28,112.6,57.1,0,0,20,8,3,34,4670.23,55.4,247,15.95827894,251.1,21.56042031
2024-08-21,EcoFit Smart Bottle,2,236,270,63720,2769.16,112.4,68.5,0,0,21,8,3,34,2689.28,70.6,248.4285714,14.10504807,250.4333333,21.71235678
2024-08-22,EcoFit Smart Bottle,3,244,270,65880,2163.47,112.3,65.3,0,0,22,8,3,34,2769.16,57.1,246.1428571,13.183684,249.7666667,21.58812466
2024-08-23,EcoFit Smart Bottle,4,261,270,70470,2675.74,112.3,47.6,1,0,23,8,3,34,2163.47,68.5,249.2857143,13.80476108,250.5,21.58343873
2024-08-24,EcoFit Smart Bottle,5,247,270,66690,3114.36,112.9,53.9,0,0,24,8,3,34,2675.74,65.3,247.5714286,13.12576528,250.5333333,21.57702056
2024-08-25,EcoFit Smart Bottle,6,281,270,75870,2708.04,112.4,51,1,0,25,8,3,34,3114.36,47.6,249.1428571,16.48664683,250.7666667,21.87532594
2024-08-26,EcoFit Smart Bottle,0,216,270,58320,2354.81,113,55.1,0,0,26,8,3,35,2708.04,53.9,246,20.55885859,248.7,22.14085006
2024-08-27,EcoFit Smart Bottle,1,225,270,60750,2482.54,112.9,56.4,0,0,27,8,3,35,2354.81,51,244.2857143,21.89150738,247.6,22.48002945
2024-08-28,EcoFit Smart Bottle,2,215,270,58050,3843.12,113,59.1,0,0,28,8,3,35,2482.54,55.1,241.2857143,24.49975704,246.4,23.2402742
2024-08-29,EcoFit Smart Bottle,3,224,270,60480,2825.33,113,61,0,0,29,8,3,35,3843.12,56.4,238.4285714,25.28410003,245.3666667,23.532052
2024-08-30,EcoFit Smart Bottle,4,230,270,62100,3457.08,113,64.3,0,0,30,8,3,35,2825.33,59.1,234,23.30951165,244.7666667,23.69152814
2024-08-31,EcoFit Smart Bottle,5,258,270,69660,4013.67,113,62.6,0,0,31,8,3,35,3457.08,61,235.5714286,24.66344895,245.1,23.8086481
2024-09-01,EcoFit Smart Bottle,6,251,270,67770,4761.58,113.9,56.3,0,0,1,9,3,35,4013.67,64.3,231.2857143,16.80986105,245.6666667,23.73754967
2024-09-02,EcoFit Smart Bottle,0,266,270,71820,2157.25,114.4,49.8,1,0,2,9,3,36,4761.58,62.6,238.4285714,19.62020339,244.5666667,21.87217305
2024-09-03,EcoFit Smart Bottle,1,225,270,60750,5197.64,114.2,59.6,0,0,3,9,3,36,2157.25,56.3,238.4285714,19.62020339,244.1333333,22.13397036
2024-09-04,EcoFit Smart Bottle,2,219,270,59130,4511.6,115.1,60.2,0,0,4,9,3,36,5197.64,49.8,239,18.86796226,243.5,22.58279785
2024-09-05,EcoFit Smart Bottle,3,226,270,61020,2327.04,115.3,52.6,0,0,5,9,3,36,4511.6,59.6,207.5714286,91.48926557,236.4,49.10762284
2024-09-06,EcoFit Smart Bottle,4,233,270,62910,5494.31,115.5,52.9,0,0,6,9,3,36,2327.04,60.2,208,91.61877537,236.1333333,49.10350316
2024-09-07,EcoFit Smart Bottle,5,242,270,65340,5683.49,115,63.2,0,0,7,9,3,36,5494.31,52.6,205.7142857,90.35432896,235.8666667,49.04729128
2024-09-08,EcoFit Smart Bottle,6,226,270,61020,2244.31,114.7,50.8,0,0,8,9,3,36,5683.49,52.9,202.1428571,88.74575778,235.3666667,49.06960808
2024-09-09,EcoFit Smart Bottle,0,209,270,56430,3107.51,114.3,52.2,0,0,9,9,3,37,2244.31,63.2,194,84.41958698,231.7666667,46.78246307
2024-09-10,EcoFit Smart Bottle,1,217,270,58590,5224.81,114.3,58.1,0,0,10,9,3,37,3107.51,50.8,192.8571429,83.98299148,230.3333333,46.54573823
2024-09-11,EcoFit Smart Bottle,2,216,270,58320,4993.04,114.7,56.5,0,0,11,9,3,37,5224.81,52.2,192.4285714,83.83487171,229.7,46.60927094
2024-09-12,EcoFit Smart Bottle,3,233,270,62910,2738.08,114.9,51.2,0,0,12,9,3,37,4993.04,58.1,225.1428571,11.68230245,230.2333333,46.5504423
2024-09-13,EcoFit Smart Bottle,4,234,270,63180,2837.4,115.9,46.7,0,0,13,9,3,37,2738.08,56.5,225.2857143,11.79991929,230.5,46.54826935
2024-09-14,EcoFit Smart Bottle,5,244,270,65880,3481.89,115.4,53.6,0,0,14,9,3,37,2837.4,51.2,225.5714286,12.28626798,229.9666667,46.28955593
2024-09-15,EcoFit Smart Bottle,6,235,270,63450,3938.09,115.4,58.4,0,0,15,9,3,37,3481.89,46.7,226.8571429,12.79880947,229.8333333,46.26839491
2024-09-16,EcoFit Smart Bottle,0,217,270,58590,4473.02,114.7,57.2,0,0,16,9,3,38,3938.09,53.6,228,11.19523708,228.4333333,45.99001641
2024-09-17,EcoFit Smart Bottle,1,213,270,57510,3475.65,114.1,58.4,0,0,17,9,3,38,4473.02,58.4,227.4285714,11.92835757,226.5333333,45.38702027
2024-09-18,EcoFit Smart Bottle,2,270,270,72900,3850.14,114.9,50.6,1,0,18,9,3,38,3475.65,57.2,235.1428571,18.7920956,227.6,46.03716639
2024-09-19,EcoFit Smart Bottle,3,397,270,107190,12612.19,114.6,65.2,0,0,19,9,3,38,3850.14,58.4,258.5714286,63.86145719,232.9333333,55.46600906
2024-09-20,EcoFit Smart Bottle,4,248,270,66960,2146.73,114.1,49.3,0,0,20,9,3,38,12612.19,50.6,260.5714286,63.17926121,233.3333333,55.53211766
2024-09-21,EcoFit Smart Bottle,5,241,270,65070,3009.75,112.8,49,0,0,21,9,3,38,2146.73,65.2,260.1428571,63.32042475,233.2333333,55.51494569
2024-09-22,EcoFit Smart Bottle,6,221,270,59670,4853.4,112.3,53,0,0,22,9,3,38,3009.75,49.3,258.1428571,64.45781197,231.9,55.3050163
2024-09-23,EcoFit Smart Bottle,0,208,270,56160,5580.83,112.2,57.9,0,0,23,9,3,39,4853.4,49,256.8571429,65.4966375,230.6,55.39612833
2024-09-24,EcoFit Smart Bottle,1,204,270,55080,4046.71,111.4,51.1,0,0,24,9,3,39,5580.83,53,255.5714286,66.5804204,228.0333333,54.76059704
2024-09-25,EcoFit Smart Bottle,2,208,270,56160,4128.45,111.3,47.4,0,0,25,9,3,39,4046.71,57.9,246.7142857,68.43905875,227.7666667,54.84063641
2024-09-26,EcoFit Smart Bottle,3,211,270,56970,2428.69,112,47.3,0,0,26,9,3,39,4128.45,51.1,220.1428571,17.56349027,227.3,54.92449363
2024-09-27,EcoFit Smart Bottle,4,212,270,57240,3789.65,111.6,54.3,0,0,27,9,3,39,2428.69,47.4,215,12.62273082,227.2,54.95038515
2024-09-28,EcoFit Smart Bottle,5,240,270,64800,4130.47,111,56.5,0,0,28,9,3,39,3789.65,47.3,214.8571429,12.28045292,227.7333333,54.99588281
2024-09-29,EcoFit Smart Bottle,6,236,270,63720,2969.88,110.4,54,0,0,29,9,3,39,4130.47,54.3,217,14.6173413,227.9333333,55.01531657
2024-09-30,EcoFit Smart Bottle,0,204,270,55080,8166.87,109.7,63,0,0,30,9,3,40,2969.88,56.5,216.4285714,15.09809196,226.1333333,54.88089507
2024-10-01,EcoFit Smart Bottle,1,220,270,59400,3509.14,110,50.6,0,0,1,10,4,40,8166.87,54,218.7142857,14.07970508,225.1,54.6880495
2024-10-02,EcoFit Smart Bottle,2,212,270,57240,7621.55,110,61.5,0,0,2,10,4,40,3509.14,63,219.2857143,13.6469079,223.3,54.18178215
2024-10-03,EcoFit Smart Bottle,3,267,270,72090,3288.32,110.6,50.5,1,0,3,10,4,40,7621.55,50.6,227.2857143,21.89911936,224.7,54.76668381
2024-10-04,EcoFit Smart Bottle,4,264,270,71280,2845.79,111.8,50.2,1,0,4,10,4,40,3288.32,61.5,234.7142857,24.51335885,226.2,55.21956175
2024-10-05,EcoFit Smart Bottle,5,221,270,59670,3309.99,110.7,45.8,0,0,5,10,4,40,2845.79,50.5,232,24.87971061,233.4333333,35.9651971
2024-10-06,EcoFit Smart Bottle,6,214,270,57780,2479.05,110.9,48.9,0,0,6,10,4,40,3309.99,50.2,228.8571429,25.66728509,232.8,36.13995783
2024-10-07,EcoFit Smart Bottle,0,183,270,49410,5562.11,110.3,56.6,0,0,7,10,4,41,2479.05,45.8,225.8571429,29.93007724,230.8333333,37.21149557
2024-10-08,EcoFit Smart Bottle,1,212,270,57240,4374.37,110.7,53.9,0,0,8,10,4,41,5562.11,48.9,224.7142857,30.34092004,230.3666667,37.36168361
2024-10-09,EcoFit Smart Bottle,2,211,270,56970,4716.41,110.6,46.3,0,0,9,10,4,41,4374.37,56.6,224.5714286,30.41302979,230.4333333,37.32400848
2024-10-10,EcoFit Smart Bottle,3,214,270,57780,5156.68,110.6,53.9,0,0,10,10,4,41,4716.41,53.9,217,24.01388487,230.3333333,37.36523678
2024-10-11,EcoFit Smart Bottle,4,216,270,58320,3993.77,109.8,43.8,0,0,11,10,4,41,5156.68,46.3,210.1428571,12.40199677,230.3333333,37.36523678
2024-10-12,EcoFit Smart Bottle,5,241,270,65070,2347.68,109.6,48.4,0,0,12,10,4,41,3993.77,53.9,213,16.83250823,230.6,37.41344033
2024-10-13,EcoFit Smart Bottle,6,206,270,55620,4148.43,109.6,47.5,0,0,13,10,4,41,2347.68,43.8,211.8571429,17.02379287,229.6666667,37.67404058
2024-10-14,EcoFit Smart Bottle,0,210,270,56700,4347.36,110.4,59.8,0,0,14,10,4,42,4148.43,48.4,215.7142857,11.58611649,228.5333333,37.73933586
2024-10-15,EcoFit Smart Bottle,1,197,270,53190,4981.76,110,53,0,0,15,10,4,42,4347.36,47.5,213.5714286,13.59971989,227.2666667,38.15027756
2024-10-16,EcoFit Smart Bottle,2,203,270,54810,3726.64,109.6,53.8,0,0,16,10,4,42,4981.76,59.8,212.4285714,14.17576738,226.8,38.36521413
2024-10-17,EcoFit Smart Bottle,3,206,270,55620,2510.32,110.2,57.8,0,0,17,10,4,42,3726.64,53,211.2857143,14.34938193,226.5666667,38.47317322
2024-10-18,EcoFit Smart Bottle,4,207,270,55890,3135.1,109.7,44.3,0,0,18,10,4,42,2510.32,53.8,210,14.25949976,224.4666667,37.73293936
2024-10-19,EcoFit Smart Bottle,5,228,270,61560,3452.33,110.4,51.1,0,0,19,10,4,42,3135.1,57.8,208.1428571,9.651054717,218.8333333,19.10241605
2024-10-20,EcoFit Smart Bottle,6,241,270,65070,4583.67,110.4,45.1,0,1,20,10,4,42,3452.33,44.3,213.1428571,15.59303874,218.6,18.77378951
2024-10-21,EcoFit Smart Bottle,0,233,270,62910,4283.11,110.5,52,0,1,21,10,4,43,4583.67,51.1,216.4285714,17.1644705,218.3333333,18.49945634
2024-10-22,EcoFit Smart Bottle,1,237,270,63990,13581.8,110.8,77.6,0,1,22,10,4,43,4283.11,45.1,222.1428571,16.25247234,218.8666667,18.80706641
2024-10-23,EcoFit Smart Bottle,2,257,270,69390,5946.06,110.4,50.3,0,1,23,10,4,43,13581.8,52,229.8571429,18.33419911,220.5,19.9252915
2024-10-24,EcoFit Smart Bottle,3,262,270,70740,4423.1,110.6,45.8,0,1,24,10,4,43,5946.06,77.6,237.8571429,18.40677929,222.4333333,21.05114189
2024-10-25,EcoFit Smart Bottle,4,212,270,57240,2948.91,110.2,46.8,0,0,25,10,4,43,4423.1,50.3,238.5714286,17.05732631,222.5666667,20.96907959
2024-10-26,EcoFit Smart Bottle,5,223,270,60210,2407.13,109.9,56.3,0,0,26,10,4,43,2948.91,45.8,237.8571429,17.66756512,222.9666667,20.85497267
2024-10-27,EcoFit Smart Bottle,6,212,270,57240,8426.06,110.2,61.8,0,0,27,10,4,43,2407.13,46.8,233.7142857,20.04756249,222.9666667,20.85497267
2024-10-28,EcoFit Smart Bottle,0,191,270,51570,2983.83,110.4,42.5,1,0,28,10,4,44,8426.06,56.3,227.7142857,25.76634941,221.3333333,21.38696563
2024-10-29,EcoFit Smart Bottle,1,191,270,51570,2642.73,110.3,53.5,0,0,29,10,4,44,2983.83,61.8,221.1428571,28.70208222,219.8333333,21.89486372
2024-10-30,EcoFit Smart Bottle,2,182,270,49140,2746.27,109.6,38.1,0,0,30,10,4,44,2642.73,42.5,210.4285714,27.03613103,219.1,22.79345036
2024-10-31,EcoFit Smart Bottle,3,166,270,44820,3140.38,109,57.7,0,0,31,10,4,44,2746.27,53.5,196.7142857,19.93083278,217.3,24.76670457
2024-11-01,EcoFit Smart Bottle,4,197,270,53190,2693.49,109.1,50.3,0,0,1,11,4,44,3140.38,38.1,194.5714286,18.78702693,216.8,25.02743322
2024-11-02,EcoFit Smart Bottle,5,214,270,57780,5587.06,109.6,60.6,0,0,2,11,4,44,2693.49,57.7,193.2857143,16.71041876,215.0333333,23.16281701
2024-11-03,EcoFit Smart Bottle,6,236,270,63720,2320.93,108.9,36.9,0,0,3,11,4,44,5587.06,50.3,196.7142857,22.61057485,214.1,21.6354594
2024-11-04,EcoFit Smart Bottle,0,191,270,51570,4098.05,108.4,49.5,0,0,4,11,4,45,2320.93,60.6,196.7142857,22.61057485,213.1,21.995846
2024-11-05,EcoFit Smart Bottle,1,175,270,47250,3641.59,108.5,47,0,0,5,11,4,45,4098.05,36.9,194.4285714,24.0475719,211.8,23.06721812
2024-11-06,EcoFit Smart Bottle,2,190,270,51300,5929.51,108.5,47.1,0,0,6,11,4,45,3641.59,49.5,195.5714286,23.54327323,212.0333333,22.79970256
2024-11-07,EcoFit Smart Bottle,3,231,270,62370,2448.16,107.6,38.6,1,0,7,11,4,45,5929.51,47,204.8571429,22.74077521,212.6666667,23.06113813
2024-11-08,EcoFit Smart Bottle,4,198,270,53460,3591.42,107.7,49.9,0,0,8,11,4,45,2448.16,47.1,205,22.68626604,212.2333333,23.21516052
2024-11-09,EcoFit Smart Bottle,5,214,270,57780,22596.53,107.3,88.3,0,0,9,11,4,45,3591.42,38.6,205,22.68626604,212.2333333,23.21516052
2024-11-10,EcoFit Smart Bottle,6,277,270,74790,5462.03,108.3,57.5,0,0,10,11,4,45,22596.53,49.9,210.8571429,34.328941,214.2666667,26.05423168
2024-11-11,EcoFit Smart Bottle,0,214,270,57780,5268.29,108.4,48,0,0,11,11,4,46,5462.03,88.3,214.1428571,33.19351629,213.3666667,25.56058838
2024-11-12,EcoFit Smart Bottle,1,199,270,53730,3031.61,108.7,45.3,0,0,12,11,4,46,5268.29,57.5,217.5714286,29.51190236,213.1333333,25.66190432
2024-11-13,EcoFit Smart Bottle,2,174,270,46980,2683.55,109,38.3,0,0,13,11,4,46,3031.61,48,215.2857143,32.47416556,211.9333333,26.63667854
2024-11-14,EcoFit Smart Bottle,3,230,270,62100,4674.57,108.2,56.9,1,0,14,11,4,46,2683.55,45.3,215.1428571,32.39561993,213.0333333,26.68007565
2024-11-15,EcoFit Smart Bottle,4,206,270,55620,5717.5,109.4,51.6,0,0,15,11,4,46,4674.57,38.3,216.2857143,31.82616474,213.1333333,26.64677419
2024-11-16,EcoFit Smart Bottle,5,234,270,63180,4227.05,108.4,51.8,0,0,16,11,4,46,5717.5,56.9,219.1428571,32.47783127,214.0666667,26.87767094
2024-11-17,EcoFit Smart Bottle,6,241,270,65070,4286.45,108.9,52.1,1,0,17,11,4,46,4227.05,51.6,214,23.35950913,215.2,27.28318922
2024-11-18,EcoFit Smart Bottle,0,225,270,60750,9198.31,109.3,65.4,1,0,18,11,4,47,4286.45,51.8,215.5714286,23.72661756,215.1,27.24012001
2024-11-19,EcoFit Smart Bottle,1,223,270,60210,5077.97,109,45.6,0,0,19,11,4,47,9198.31,52.1,219,22.6421436,214.5,26.8453425
2024-11-20,EcoFit Smart Bottle,2,201,270,54270,2748.17,109.4,48.6,0,0,20,11,4,47,5077.97,65.4,222.8571429,14.55367733,213.4333333,26.72036978
2024-11-21,EcoFit Smart Bottle,3,186,270,50220,3294.72,109.2,46.1,0,0,21,11,4,47,2748.17,45.6,216.5714286,19.58619533,211.7333333,26.79157528
2024-11-22,EcoFit Smart Bottle,4,190,270,51300,3701.75,108.8,57.5,0,0,22,11,4,47,3294.72,48.6,214.2857143,21.83051599,209.5,25.65655122
2024-11-23,EcoFit Smart Bottle,5,244,270,65880,4030.44,109.1,43.4,1,0,23,11,4,47,3701.75,46.1,215.7142857,23.59176612,208.9,24.57409626
2024-11-24,EcoFit Smart Bottle,6,218,270,58860,2969.64,108.5,51.3,0,0,24,11,4,47,4030.44,57.5,212.4285714,20.9352744,209.1,24.62456021
2024-11-25,EcoFit Smart Bottle,0,193,270,52110,2459.35,108.3,46.2,0,0,25,11,4,48,2969.64,43.4,207.8571429,21.22442439,208.1,24.64975344
2024-11-26,EcoFit Smart Bottle,1,178,270,48060,4442.48,108,49.9,0,0,26,11,4,48,2459.35,51.3,201.4285714,22.64109201,206.9666667,25.23883616
2024-11-27,EcoFit Smart Bottle,2,189,270,51030,3154.52,107.8,46.1,0,0,27,11,4,48,4442.48,46.2,199.7142857,23.12800817,206.9,25.28506442
2024-11-28,EcoFit Smart Bottle,3,186,270,50220,4324.95,108,54.9,0,0,28,11,4,48,3154.52,49.9,199.7142857,23.12800817,206.7333333,25.40965515
2024-11-29,EcoFit Smart Bottle,4,199,270,53730,2617.45,107.7,46.1,0,0,29,11,4,48,4324.95,46.1,201,22.74496281,207.3,25.02571092
2024-11-30,EcoFit Smart Bottle,5,215,270,58050,3924.56,107.6,39.7,0,0,30,11,4,48,2617.45,54.9,196.8571429,14.89327109,208.9333333,23.80659621
2024-12-01,EcoFit Smart Bottle,6,199,270,53730,4130.36,107.3,53.9,0,0,1,12,4,48,3924.56,46.1,194.1428571,11.81000383,209,23.77480556
2024-12-02,EcoFit Smart Bottle,0,236,270,63720,2207.29,108.1,49.1,1,0,2,12,4,49,4130.36,39.7,200.2857143,19.67836617,209.7333333,24.26851704
2024-12-03,EcoFit Smart Bottle,1,175,270,47250,3346.42,108.3,49.2,0,0,3,12,4,49,2207.29,53.9,199.8571429,20.26843664,207.7,24.54573493
2024-12-04,EcoFit Smart Bottle,2,193,270,52110,2537.66,108.5,39,0,0,4,12,4,49,3346.42,49.1,200.4285714,19.96544634,207.7666667,24.50148952
2024-12-05,EcoFit Smart Bottle,3,175,270,47250,2253.5,108.9,39.2,0,0,5,12,4,49,2537.66,49.2,198.8571429,21.65200969,207.7666667,24.50148952
2024-12-06,EcoFit Smart Bottle,4,215,270,58050,5959.84,108.5,42.1,1,0,6,12,4,49,2253.5,39,201.1428571,22.49761892,208.6,24.30070242
2024-12-07,EcoFit Smart Bottle,5,251,270,67770,3289.42,109,48.5,1,0,7,12,4,49,5959.84,39.2,206.2857143,29.28432052,209.2666667,25.19432521
2024-12-08,EcoFit Smart Bottle,6,231,270,62370,5239.5,109.2,43.4,1,0,8,12,4,49,3289.42,42.1,210.8571429,30.43259531,210.3666667,25.40497281
2024-12-09,EcoFit Smart Bottle,0,192,270,51840,3018.56,108.3,37.1,0,0,9,12,4,50,5239.5,48.5,204.5714286,28.87823369,209.6333333,25.61314767
2024-12-10,EcoFit Smart Bottle,1,183,270,49410,4726.01,107.5,55.5,0,0,10,12,4,50,3018.56,43.4,205.7142857,27.64485658,206.5,22.66814566
2024-12-11,EcoFit Smart Bottle,2,179,270,48330,5040.91,107.1,53.7,0,0,11,12,4,50,4726.01,37.1,203.7142857,29.18169681,205.3333333,23.16408238
2024-12-12,EcoFit Smart Bottle,3,200,270,54000,4382.55,106.3,46.9,0,0,12,12,4,50,5040.91,55.5,207.2857143,26.48719367,205.3666667,23.15537226
2024-12-13,EcoFit Smart Bottle,4,216,270,58320,3886.3,106.2,46.9,0,0,13,12,4,50,4382.55,53.7,207.4285714,26.53838191,206.7666667,22.45252975
2024-12-14,EcoFit Smart Bottle,5,269,270,72630,3647.36,105.6,35.1,1,0,14,12,4,50,3886.3,46.9,210,31.81194744,208.0666667,24.84563839
2024-12-15,EcoFit Smart Bottle,6,211,270,56970,3395.47,105.5,51.3,0,0,15,12,4,50,3647.36,46.9,207.1428571,30.48184471,208.2333333,24.84806706
2024-12-16,EcoFit Smart Bottle,0,177,270,47790,5718.12,106.4,47.9,0,0,16,12,4,51,3395.47,35.1,205,32.20248438,206.3333333,24.98873309
2024-12-17,EcoFit Smart Bottle,1,204,270,55080,5322.48,106.3,52.3,0,0,17,12,4,51,5718.12,51.3,208,30.757113,205.1,24.11659895
2024-12-18,EcoFit Smart Bottle,2,198,270,53460,5860.11,106.1,39.3,0,0,18,12,4,51,5322.48,47.9,210.7142857,28.52901614,204.2,23.85068495
2024-12-19,EcoFit Smart Bottle,3,187,270,50490,2497.19,106.4,50,0,0,19,12,4,51,5860.11,52.3,208.8571429,29.74014443,203,23.77770616
2024-12-20,EcoFit Smart Bottle,4,198,270,53460,4923.47,106,46.3,0,0,20,12,4,51,2497.19,39.3,206.2857143,29.79773082,202.9,23.79271114
2024-12-21,EcoFit Smart Bottle,5,226,270,61020,5753.36,106.5,44.9,0,0,21,12,4,51,4923.47,50,200.1428571,15.91046376,204.2333333,23.93336055
2024-12-22,EcoFit Smart Bottle,6,233,270,62910,2724.93,106.8,44.1,0,0,22,12,4,51,5753.36,46.3,203.2857143,20.04756249,205.6666667,24.33577377
2024-12-23,EcoFit Smart Bottle,0,179,270,48330,2265.99,106.8,42,0,0,23,12,4,52,2724.93,44.9,203.5714286,19.62020339,203.5,23.69016965
2024-12-24,EcoFit Smart Bottle,1,154,270,41580,4964.48,106.9,55.8,0,0,24,12,4,52,2265.99,44.1,196.4285714,27.11000518,201.3666667,25.17454014
2024-12-25,EcoFit Smart Bottle,2,225,270,60750,4297.89,108.1,47,0,1,25,12,4,52,4964.48,42,200.2857143,29.21023956,202.4333333,25.48384659
2024-12-26,EcoFit Smart Bottle,3,205,270,55350,5367.32,108.7,58.2,0,0,26,12,4,52,4297.89,55.8,202.8571429,28.63231607,203.3333333,25.06451446
2024-12-27,EcoFit Smart Bottle,4,201,270,54270,2559.09,110,47.5,0,0,27,12,4,52,5367.32,47,203.2857143,28.56988091,203.7333333,24.92323848
2024-12-28,EcoFit Smart Bottle,5,250,270,67500,5181.07,110.3,55.6,1,0,28,12,4,52,2559.09,58.2,206.7142857,32.86697575,205.8666667,26.06587587
2024-12-29,EcoFit Smart Bottle,6,246,270,66420,2806.51,109.4,46.5,0,0,29,12,4,52,5181.07,47.5,208.5714286,34.90394984,207.4333333,27.03341908
2024-12-30,EcoFit Smart Bottle,0,194,270,52380,2654.62,109.3,52.7,0,0,30,12,4,1,2806.51,55.6,210.7142857,33.20499102,206.7333333,27.10252989