Date,Product,StockOnHand,UnitsSold,ReorderPoint,SafetyStock,OrderPlaced,OrderQuantity,SupplierLeadTimeDays,OrderArrived,StockoutFlag,UnitsShort,DailyHoldingCost
2023-01-01,EcoFit Smart Bottle,987,213.0,960,66,0,0,7,0,0,0,21.63
2023-01-02,EcoFit Smart Bottle,823,164.0,960,66,1,2816,5,0,0,0,18.04
2023-01-03,EcoFit Smart Bottle,656,167.0,960,66,0,0,5,0,0,0,14.38
2023-01-04,EcoFit Smart Bottle,492,164.0,960,66,0,0,5,0,0,0,10.78
2023-01-05,EcoFit Smart Bottle,319,173.0,960,66,0,0,4,0,0,0,6.99
2023-01-06,EcoFit Smart Bottle,153,166.0,960,66,0,0,5,0,0,0,3.35
2023-01-07,EcoFit Smart Bottle,2799,170.0,960,66,0,0,5,1,0,0,61.35
2023-01-08,EcoFit Smart Bottle,2624,175.0,907,59,0,0,3,0,0,0,57.51
2023-01-09,EcoFit Smart Bottle,2465,159.0,921,59,0,0,6,0,0,0,54.03
2023-01-10,EcoFit Smart Bottle,2310,155.0,930,60,0,0,6,0,0,0,50.63
2023-01-11,EcoFit Smart Bottle,2106,204.0,935,67,0,0,4,0,0,0,46.16
2023-01-12,EcoFit Smart Bottle,1938,168.0,931,65,0,0,5,0,0,0,42.48
2023-01-13,EcoFit Smart Bottle,1765,173.0,941,62,0,0,6,0,0,0,38.68
2023-01-14,EcoFit Smart Bottle,1561,204.0,956,67,0,0,5,0,0,0,34.21
2023-01-15,EcoFit Smart Bottle,1357,152.0,968,70,0,0,5,0,0,0,29.74
2023-01-16,EcoFit Smart Bottle,1205,152.0,949,71,0,0,4,0,0,0,26.41
2023-01-17,EcoFit Smart Bottle,1058,147.0,954,74,0,0,6,0,0,0,23.19
2023-01-18,EcoFit Smart Bottle,897,161.0,949,73,1,2812,5,0,0,0,19.66
2023-01-19,EcoFit Smart Bottle,734,163.0,944,71,0,0,5,0,0,0,16.09
2023-01-20,EcoFit Smart Bottle,557,177.0,925,69,0,0,3,0,0,0,12.21
2023-01-21,EcoFit Smart Bottle,366,191.0,946,69,0,0,7,0,0,0,8.02
2023-01-22,EcoFit Smart Bottle,191,175.0,945,68,0,0,5,0,0,0,4.19
2023-01-23,EcoFit Smart Bottle,2844,159.0,941,67,0,0,5,1,0,0,62.33
2023-01-24,EcoFit Smart Bottle,2686,158.0,951,67,0,0,7,0,0,0,58.87
2023-01-25,EcoFit Smart Bottle,2517,169.0,949,66,0,0,5,0,0,0,55.17
2023-01-26,EcoFit Smart Bottle,2320,197.0,947,67,0,0,4,0,0,0,50.85
2023-01-27,EcoFit Smart Bottle,2118,202.0,953,68,0,0,5,0,0,0,46.42
2023-01-28,EcoFit Smart Bottle,1937,181.0,940,67,0,0,3,0,0,0,42.45
2023-01-29,EcoFit Smart Bottle,1732,205.0,954,69,0,0,6,0,0,0,37.96
2023-01-30,EcoFit Smart Bottle,1516,216.0,964,73,0,0,5,0,0,0,33.23
2023-01-31,EcoFit Smart Bottle,1322,194.0,939,69,0,0,4,0,0,0,28.98
2023-02-01,EcoFit Smart Bottle,1141,181.0,948,69,0,0,6,0,0,0,25.01
2023-02-02,EcoFit Smart Bottle,910,231.0,955,77,1,2859,3,0,0,0,19.95
2023-02-03,EcoFit Smart Bottle,733,177.0,962,76,0,0,6,0,0,0,16.07
2023-02-04,EcoFit Smart Bottle,497,236.0,975,85,0,0,3,0,0,0,10.89
2023-02-05,EcoFit Smart Bottle,3129,227.0,983,89,0,0,4,1,0,0,68.58
2023-02-06,EcoFit Smart Bottle,2941,188.0,979,88,0,0,4,0,0,0,64.46
2023-02-07,EcoFit Smart Bottle,2762,179.0,999,89,0,0,6,0,0,0,60.54
2023-02-08,EcoFit Smart Bottle,2579,183.0,1007,87,0,0,7,0,0,0,56.53
2023-02-09,EcoFit Smart Bottle,2402,177.0,1002,85,0,0,5,0,0,0,52.65
2023-02-10,EcoFit Smart Bottle,2202,200.0,1014,85,0,0,6,0,0,0,48.26
2023-02-11,EcoFit Smart Bottle,2008,194.0,1018,84,0,0,5,0,0,0,44.01
2023-02-12,EcoFit Smart Bottle,1801,207.0,1024,85,0,0,6,0,0,0,39.47
2023-02-13,EcoFit Smart Bottle,1602,199.0,1016,84,0,0,4,0,0,0,35.11
2023-02-14,EcoFit Smart Bottle,1418,184.0,999,83,0,0,3,0,0,0,31.08
2023-02-15,EcoFit Smart Bottle,1241,177.0,993,79,0,0,3,0,0,0,27.2
2023-02-16,EcoFit Smart Bottle,1014,227.0,999,78,0,0,5,0,0,0,22.22
2023-02-17,EcoFit Smart Bottle,813,201.0,1016,76,1,2958,7,0,0,0,17.82
2023-02-18,EcoFit Smart Bottle,601,212.0,1023,75,0,0,5,0,0,0,13.17
2023-02-19,EcoFit Smart Bottle,393,208.0,1034,74,0,0,4,0,0,0,8.61
2023-02-20,EcoFit Smart Bottle,211,182.0,1033,75,0,0,7,0,0,0,4.62
2023-02-21,EcoFit Smart Bottle,0,212.0,1039,75,0,0,5,0,1,1,0.0
2023-02-22,EcoFit Smart Bottle,0,193.0,1040,70,0,0,5,0,1,193,0.0
2023-02-23,EcoFit Smart Bottle,0,199.0,1028,65,0,0,5,0,1,199,0.0
2023-02-24,EcoFit Smart Bottle,2732,226.0,1037,64,0,0,5,1,0,0,59.88
2023-02-25,EcoFit Smart Bottle,2507,225.0,1050,66,0,0,5,0,0,0,54.95
2023-02-26,EcoFit Smart Bottle,2268,239.0,1054,71,0,0,4,0,0,0,49.71
2023-02-27,EcoFit Smart Bottle,2089,179.0,1075,72,0,0,6,0,0,0,45.79
2023-02-28,EcoFit Smart Bottle,1892,197.0,1067,72,0,0,5,0,0,0,41.47
2023-03-01,EcoFit Smart Bottle,1715,177.0,1068,73,0,0,6,0,0,0,37.59
2023-03-02,EcoFit Smart Bottle,1526,189.0,1075,74,0,0,5,0,0,0,33.45
2023-03-03,EcoFit Smart Bottle,1334,192.0,1055,72,0,0,3,0,0,0,29.24
2023-03-04,EcoFit Smart Bottle,1117,217.0,1064,70,0,0,5,0,0,0,24.48
2023-03-05,EcoFit Smart Bottle,898,219.0,1078,70,1,3032,7,0,0,0,19.68
2023-03-06,EcoFit Smart Bottle,700,198.0,1081,66,0,0,5,0,0,0,15.34
2023-03-07,EcoFit Smart Bottle,476,224.0,1079,65,0,0,4,0,0,0,10.43
2023-03-08,EcoFit Smart Bottle,265,211.0,1083,65,0,0,4,0,0,0,5.81
2023-03-09,EcoFit Smart Bottle,68,197.0,1070,63,0,0,4,0,0,0,1.49
2023-03-10,EcoFit Smart Bottle,0,225.0,1064,63,0,0,5,0,1,157,0.0
2023-03-11,EcoFit Smart Bottle,0,215.0,1061,61,0,0,4,0,1,215,0.0
2023-03-12,EcoFit Smart Bottle,2806,226.0,1067,62,0,0,6,1,0,0,61.5
2023-03-13,EcoFit Smart Bottle,2533,273.0,1095,77,0,0,5,0,0,0,55.52
2023-03-14,EcoFit Smart Bottle,2328,205.0,1086,76,0,0,5,0,0,0,51.02
2023-03-15,EcoFit Smart Bottle,2121,207.0,1102,77,0,0,6,0,0,0,46.49
2023-03-16,EcoFit Smart Bottle,1907,214.0,1134,76,0,0,7,0,0,0,41.8
2023-03-17,EcoFit Smart Bottle,1681,226.0,1155,74,0,0,5,0,0,0,36.84
2023-03-18,EcoFit Smart Bottle,1432,249.0,1162,78,0,0,5,0,0,0,31.39
2023-03-19,EcoFit Smart Bottle,1187,245.0,1165,80,0,0,6,0,0,0,26.02
2023-03-20,EcoFit Smart Bottle,983,204.0,1163,80,1,3113,5,0,0,0,21.55
2023-03-21,EcoFit Smart Bottle,782,201.0,1156,81,0,0,3,0,0,0,17.14
2023-03-22,EcoFit Smart Bottle,584,198.0,1149,78,0,0,6,0,0,0,12.8
2023-03-23,EcoFit Smart Bottle,360,224.0,1159,79,0,0,6,0,0,0,7.89
2023-03-24,EcoFit Smart Bottle,127,233.0,1166,79,0,0,5,0,0,0,2.78
2023-03-25,EcoFit Smart Bottle,2999,241.0,1167,80,0,0,4,1,0,0,65.73
2023-03-26,EcoFit Smart Bottle,2766,233.0,1168,80,0,0,5,0,0,0,60.62
2023-03-27,EcoFit Smart Bottle,2540,226.0,1161,80,0,0,4,0,0,0,55.67
2023-03-28,EcoFit Smart Bottle,2329,211.0,1162,79,0,0,5,0,0,0,51.05
2023-03-29,EcoFit Smart Bottle,2105,224.0,1166,75,0,0,6,0,0,0,46.14
2023-03-30,EcoFit Smart Bottle,1891,214.0,1182,74,0,0,7,0,0,0,41.45
2023-03-31,EcoFit Smart Bottle,1673,218.0,1183,68,0,0,6,0,0,0,36.67
2023-04-01,EcoFit Smart Bottle,1425,248.0,1200,68,0,0,6,0,0,0,31.23
2023-04-02,EcoFit Smart Bottle,1192,233.0,1228,66,1,3182,6,0,0,0,26.13
2023-04-03,EcoFit Smart Bottle,969,223.0,1229,66,0,0,5,0,0,0,21.24
2023-04-04,EcoFit Smart Bottle,738,231.0,1216,66,0,0,5,0,0,0,16.18
2023-04-05,EcoFit Smart Bottle,516,222.0,1210,63,0,0,4,0,0,0,11.31
2023-04-06,EcoFit Smart Bottle,275,241.0,1221,64,0,0,5,0,0,0,6.03
2023-04-07,EcoFit Smart Bottle,35,240.0,1249,65,0,0,7,0,0,0,0.77
2023-04-08,EcoFit Smart Bottle,2974,243.0,1272,64,0,0,6,1,0,0,65.18
2023-04-09,EcoFit Smart Bottle,2717,257.0,1280,67,0,0,5,0,0,0,59.55
2023-04-10,EcoFit Smart Bottle,2476,241.0,1293,67,0,0,5,0,0,0,54.27
2023-04-11,EcoFit Smart Bottle,2235,209.0,1281,68,0,0,4,0,0,0,48.99
2023-04-12,EcoFit Smart Bottle,2026,209.0,1263,61,0,0,5,0,0,0,44.41
2023-04-13,EcoFit Smart Bottle,1802,224.0,1264,59,0,0,5,0,0,0,39.5
2023-04-14,EcoFit Smart Bottle,1560,242.0,1254,58,0,0,4,0,0,0,34.19
2023-04-15,EcoFit Smart Bottle,1270,290.0,1264,70,0,0,5,0,0,0,27.84
2023-04-16,EcoFit Smart Bottle,1010,260.0,1264,72,1,3255,4,0,0,0,22.14
2023-04-17,EcoFit Smart Bottle,783,227.0,1268,72,0,0,6,0,0,0,17.16
2023-04-18,EcoFit Smart Bottle,573,210.0,1254,72,0,0,5,0,0,0,12.56
2023-04-19,EcoFit Smart Bottle,341,232.0,1272,70,0,0,7,0,0,0,7.47
2023-04-20,EcoFit Smart Bottle,3363,233.0,1290,67,0,0,5,1,0,0,73.71
2023-04-21,EcoFit Smart Bottle,3133,230.0,1284,63,0,0,5,0,0,0,68.67
2023-04-22,EcoFit Smart Bottle,2879,254.0,1283,64,0,0,5,0,0,0,63.1
2023-04-23,EcoFit Smart Bottle,2600,279.0,1306,71,0,0,6,0,0,0,56.99
2023-04-24,EcoFit Smart Bottle,2359,241.0,1321,71,0,0,6,0,0,0,51.7
2023-04-25,EcoFit Smart Bottle,2133,226.0,1312,71,0,0,4,0,0,0,46.75
2023-04-26,EcoFit Smart Bottle,1899,234.0,1321,71,0,0,5,0,0,0,41.62
2023-04-27,EcoFit Smart Bottle,1619,280.0,1338,75,0,0,5,0,0,0,35.48
2023-04-28,EcoFit Smart Bottle,1359,260.0,1337,76,0,0,5,0,0,0,29.79
2023-04-29,EcoFit Smart Bottle,1102,257.0,1318,74,1,3315,4,0,0,0,24.15
2023-04-30,EcoFit Smart Bottle,835,267.0,1335,74,0,0,7,0,0,0,18.3
2023-05-01,EcoFit Smart Bottle,596,239.0,1325,74,0,0,5,0,0,0,13.06
2023-05-02,EcoFit Smart Bottle,357,239.0,1309,73,0,0,4,0,0,0,7.82
2023-05-03,EcoFit Smart Bottle,3415,257.0,1323,73,0,0,6,1,0,0,74.85
2023-05-04,EcoFit Smart Bottle,3179,236.0,1323,72,0,0,5,0,0,0,69.68
2023-05-05,EcoFit Smart Bottle,2938,241.0,1333,71,0,0,5,0,0,0,64.39
2023-05-06,EcoFit Smart Bottle,2688,250.0,1343,71,0,0,6,0,0,0,58.92
2023-05-07,EcoFit Smart Bottle,2406,282.0,1338,75,0,0,5,0,0,0,52.73
2023-05-08,EcoFit Smart Bottle,2155,251.0,1331,75,0,0,5,0,0,0,47.23
2023-05-09,EcoFit Smart Bottle,1917,238.0,1336,75,0,0,6,0,0,0,42.02
2023-05-10,EcoFit Smart Bottle,1690,227.0,1335,76,0,0,5,0,0,0,37.04
2023-05-11,EcoFit Smart Bottle,1427,263.0,1339,77,0,0,4,0,0,0,31.28
2023-05-12,EcoFit Smart Bottle,1187,240.0,1341,73,1,3357,5,0,0,0,26.02
2023-05-13,EcoFit Smart Bottle,931,256.0,1336,71,0,0,4,0,0,0,20.41
2023-05-14,EcoFit Smart Bottle,679,252.0,1346,71,0,0,5,0,0,0,14.88
2023-05-15,EcoFit Smart Bottle,440,239.0,1323,65,0,0,4,0,0,0,9.64
2023-05-16,EcoFit Smart Bottle,194,246.0,1311,64,0,0,3,0,0,0,4.25
2023-05-17,EcoFit Smart Bottle,3276,275.0,1312,65,0,0,5,1,0,0,71.8
2023-05-18,EcoFit Smart Bottle,3053,223.0,1303,62,0,0,4,0,0,0,66.92
2023-05-19,EcoFit Smart Bottle,2819,234.0,1269,61,0,0,3,0,0,0,61.79
2023-05-20,EcoFit Smart Bottle,2557,262.0,1273,60,0,0,5,0,0,0,56.04
2023-05-21,EcoFit Smart Bottle,2278,279.0,1275,62,0,0,4,0,0,0,49.93
2023-05-22,EcoFit Smart Bottle,2037,241.0,1273,62,0,0,5,0,0,0,44.65
2023-05-23,EcoFit Smart Bottle,1825,212.0,1246,63,0,0,4,0,0,0,40.0
2023-05-24,EcoFit Smart Bottle,1585,240.0,1230,63,0,0,4,0,0,0,34.74
2023-05-25,EcoFit Smart Bottle,1340,245.0,1231,61,0,0,4,0,0,0,29.37
2023-05-26,EcoFit Smart Bottle,1101,239.0,1223,61,1,3371,4,0,0,0,24.13
2023-05-27,EcoFit Smart Bottle,853,248.0,1214,57,0,0,5,0,0,0,18.7
2023-05-28,EcoFit Smart Bottle,595,258.0,1205,57,0,0,4,0,0,0,13.04
2023-05-29,EcoFit Smart Bottle,349,246.0,1211,56,0,0,5,0,0,0,7.65
2023-05-30,EcoFit Smart Bottle,3493,227.0,1172,56,0,0,3,1,0,0,76.56
2023-05-31,EcoFit Smart Bottle,3253,240.0,1171,55,0,0,5,0,0,0,71.3
2023-06-01,EcoFit Smart Bottle,3021,232.0,1163,56,0,0,3,0,0,0,66.21
2023-06-02,EcoFit Smart Bottle,2779,242.0,1151,55,0,0,5,0,0,0,60.91
2023-06-03,EcoFit Smart Bottle,2526,253.0,1162,55,0,0,6,0,0,0,55.36
2023-06-04,EcoFit Smart Bottle,2267,259.0,1174,56,0,0,6,0,0,0,49.69
2023-06-05,EcoFit Smart Bottle,2017,250.0,1182,56,0,0,7,0,0,0,44.21
2023-06-06,EcoFit Smart Bottle,1774,243.0,1155,51,0,0,3,0,0,0,38.88
2023-06-07,EcoFit Smart Bottle,1505,269.0,1168,53,0,0,6,0,0,0,32.99
2023-06-08,EcoFit Smart Bottle,1219,286.0,1181,59,0,0,6,0,0,0,26.72
2023-06-09,EcoFit Smart Bottle,963,256.0,1192,57,1,3367,6,0,0,0,21.11
2023-06-10,EcoFit Smart Bottle,679,284.0,1199,61,0,0,4,0,0,0,14.88
2023-06-11,EcoFit Smart Bottle,422,257.0,1202,61,0,0,5,0,0,0,9.25
2023-06-12,EcoFit Smart Bottle,173,249.0,1226,62,0,0,7,0,0,0,3.79
2023-06-13,EcoFit Smart Bottle,0,226.0,1215,63,0,0,4,0,1,53,0.0
2023-06-14,EcoFit Smart Bottle,0,224.0,1223,65,0,0,5,0,1,224,0.0
2023-06-15,EcoFit Smart Bottle,3125,242.0,1248,66,0,0,6,1,0,0,68.49
2023-06-16,EcoFit Smart Bottle,2870,255.0,1234,63,0,0,4,0,0,0,62.9
2023-06-17,EcoFit Smart Bottle,2574,296.0,1268,69,0,0,6,0,0,0,56.42
2023-06-18,EcoFit Smart Bottle,2297,277.0,1285,71,0,0,4,0,0,0,50.35
2023-06-19,EcoFit Smart Bottle,2064,233.0,1272,71,0,0,4,0,0,0,45.24
2023-06-20,EcoFit Smart Bottle,1810,254.0,1265,68,0,0,4,0,0,0,39.67
2023-06-21,EcoFit Smart Bottle,1562,248.0,1266,68,0,0,5,0,0,0,34.24
2023-06-22,EcoFit Smart Bottle,1327,235.0,1274,64,0,0,5,0,0,0,29.08
2023-06-23,EcoFit Smart Bottle,1055,272.0,1298,66,1,3387,6,0,0,0,23.12
2023-06-24,EcoFit Smart Bottle,805,250.0,1299,66,0,0,4,0,0,0,17.64
2023-06-25,EcoFit Smart Bottle,528,277.0,1315,67,0,0,5,0,0,0,11.57
2023-06-26,EcoFit Smart Bottle,299,229.0,1322,69,0,0,6,0,0,0,6.55
2023-06-27,EcoFit Smart Bottle,54,245.0,1338,70,0,0,6,0,0,0,1.18
2023-06-28,EcoFit Smart Bottle,0,228.0,1327,71,0,0,4,0,1,174,0.0
2023-06-29,EcoFit Smart Bottle,3147,240.0,1355,71,0,0,6,1,0,0,68.98
2023-06-30,EcoFit Smart Bottle,2886,261.0,1357,70,0,0,5,0,0,0,63.25
2023-07-01,EcoFit Smart Bottle,2627,259.0,1379,70,0,0,5,0,0,0,57.58
2023-07-02,EcoFit Smart Bottle,2365,262.0,1381,69,0,0,5,0,0,0,51.84
2023-07-03,EcoFit Smart Bottle,2116,249.0,1380,69,0,0,6,0,0,0,46.38
2023-07-04,EcoFit Smart Bottle,1880,236.0,1369,70,0,0,5,0,0,0,41.21
2023-07-05,EcoFit Smart Bottle,1638,242.0,1334,70,0,0,3,0,0,0,35.9
2023-07-06,EcoFit Smart Bottle,1398,240.0,1342,70,0,0,4,0,0,0,30.64
2023-07-07,EcoFit Smart Bottle,1136,262.0,1340,69,1,3394,6,0,0,0,24.9
2023-07-08,EcoFit Smart Bottle,871,265.0,1325,66,0,0,5,0,0,0,19.09
2023-07-09,EcoFit Smart Bottle,582,289.0,1334,70,0,0,6,0,0,0,12.76
2023-07-10,EcoFit Smart Bottle,334,248.0,1411,69,0,0,14,0,0,0,7.32
2023-07-11,EcoFit Smart Bottle,93,241.0,1477,71,0,0,13,0,0,0,2.04
2023-07-12,EcoFit Smart Bottle,0,247.0,1546,73,0,0,15,0,1,154,0.0
2023-07-13,EcoFit Smart Bottle,3149,245.0,1548,71,0,0,4,1,0,0,69.02
2023-07-14,EcoFit Smart Bottle,2890,259.0,1534,67,0,0,3,0,0,0,63.34
2023-07-15,EcoFit Smart Bottle,2625,265.0,1547,67,0,0,7,0,0,0,57.53
2023-07-16,EcoFit Smart Bottle,2367,258.0,1539,67,0,0,3,0,0,0,51.88
2023-07-17,EcoFit Smart Bottle,2136,231.0,1520,61,0,0,6,0,0,0,46.82
2023-07-18,EcoFit Smart Bottle,1889,247.0,1529,59,0,0,6,0,0,0,41.4
2023-07-19,EcoFit Smart Bottle,1639,250.0,1539,57,0,0,5,0,0,0,35.92
2023-07-20,EcoFit Smart Bottle,1403,236.0,1528,58,1,3381,3,0,0,0,30.75
2023-07-21,EcoFit Smart Bottle,1142,261.0,1540,59,0,0,6,0,0,0,25.03
2023-07-22,EcoFit Smart Bottle,891,251.0,1532,57,0,0,4,0,0,0,19.53
2023-07-23,EcoFit Smart Bottle,4033,239.0,1508,56,0,0,4,1,0,0,88.39
2023-07-24,EcoFit Smart Bottle,3784,249.0,1516,56,0,0,5,0,0,0,82.94
2023-07-25,EcoFit Smart Bottle,3557,227.0,1514,55,0,0,6,0,0,0,77.96
2023-07-26,EcoFit Smart Bottle,3336,221.0,1505,56,0,0,5,0,0,0,73.12
2023-07-27,EcoFit Smart Bottle,3114,222.0,1505,60,0,0,6,0,0,0,68.25
2023-07-28,EcoFit Smart Bottle,2872,242.0,1598,60,0,0,15,0,0,0,62.95
2023-07-29,EcoFit Smart Bottle,2622,250.0,1684,61,0,0,16,0,0,0,57.47
2023-07-30,EcoFit Smart Bottle,2377,245.0,1764,62,0,0,15,0,0,0,52.1
2023-07-31,EcoFit Smart Bottle,2377,0.0,1848,205,0,0,5,0,0,0,52.1
2023-08-01,EcoFit Smart Bottle,2157,220.0,1847,205,0,0,6,0,0,0,47.28
2023-08-02,EcoFit Smart Bottle,1921,236.0,1835,204,0,0,5,0,0,0,42.1
2023-08-03,EcoFit Smart Bottle,1671,250.0,1838,204,1,3295,5,0,0,0,36.62
2023-08-04,EcoFit Smart Bottle,1427,244.0,1847,205,0,0,4,0,0,0,31.28
2023-08-05,EcoFit Smart Bottle,1193,234.0,1846,205,0,0,4,0,0,0,26.15
2023-08-06,EcoFit Smart Bottle,959,234.0,1830,204,0,0,5,0,0,0,21.02
2023-08-07,EcoFit Smart Bottle,745,214.0,1818,203,0,0,5,0,0,0,16.33
2023-08-08,EcoFit Smart Bottle,3813,227.0,1799,198,0,0,6,1,0,0,83.57
2023-08-09,EcoFit Smart Bottle,3589,224.0,1719,194,0,0,5,0,0,0,78.66
2023-08-10,EcoFit Smart Bottle,3373,216.0,1665,191,0,0,7,0,0,0,73.93
2023-08-11,EcoFit Smart Bottle,3131,242.0,1582,186,0,0,5,0,0,0,68.62
2023-08-12,EcoFit Smart Bottle,2887,244.0,1589,186,0,0,5,0,0,0,63.28
2023-08-13,EcoFit Smart Bottle,2627,260.0,1598,187,0,0,4,0,0,0,57.58
2023-08-14,EcoFit Smart Bottle,2397,230.0,1572,184,0,0,5,0,0,0,52.54
2023-08-15,EcoFit Smart Bottle,2149,248.0,1594,185,0,0,6,0,0,0,47.1
2023-08-16,EcoFit Smart Bottle,1915,234.0,1579,184,0,0,4,0,0,0,41.97
2023-08-17,EcoFit Smart Bottle,1700,215.0,1564,183,0,0,5,0,0,0,37.26
2023-08-18,EcoFit Smart Bottle,1462,238.0,1569,183,1,3228,6,0,0,0,32.04
2023-08-19,EcoFit Smart Bottle,1223,239.0,1586,184,0,0,5,0,0,0,26.81
2023-08-20,EcoFit Smart Bottle,981,242.0,1565,182,0,0,4,0,0,0,21.5
2023-08-21,EcoFit Smart Bottle,746,235.0,1577,182,0,0,6,0,0,0,16.35
2023-08-22,EcoFit Smart Bottle,484,262.0,1591,184,0,0,5,0,0,0,10.61
2023-08-23,EcoFit Smart Bottle,255,229.0,1586,183,0,0,5,0,0,0,5.59
2023-08-24,EcoFit Smart Bottle,3274,209.0,1583,184,0,0,6,1,0,0,71.76
2023-08-25,EcoFit Smart Bottle,3060,214.0,1590,185,0,0,6,0,0,0,67.07
2023-08-26,EcoFit Smart Bottle,2827,233.0,1584,184,0,0,5,0,0,0,61.96
2023-08-27,EcoFit Smart Bottle,2580,247.0,1497,179,0,0,4,0,0,0,56.55
2023-08-28,EcoFit Smart Bottle,2377,203.0,1399,173,0,0,5,0,0,0,52.1
2023-08-29,EcoFit Smart Bottle,2182,195.0,1310,168,0,0,5,0,0,0,47.82
2023-08-30,EcoFit Smart Bottle,1967,215.0,1223,60,0,0,3,0,0,0,43.11
2023-08-31,EcoFit Smart Bottle,1748,219.0,1223,60,0,0,6,0,0,0,38.31
2023-09-01,EcoFit Smart Bottle,1502,246.0,1226,61,0,0,5,0,0,0,32.92
2023-09-02,EcoFit Smart Bottle,1268,234.0,1229,59,0,0,6,0,0,0,27.79
2023-09-03,EcoFit Smart Bottle,1060,208.0,1225,61,1,3237,4,0,0,0,23.23
2023-09-04,EcoFit Smart Bottle,850,210.0,1237,62,0,0,6,0,0,0,18.63
2023-09-05,EcoFit Smart Bottle,643,207.0,1227,64,0,0,4,0,0,0,14.09
2023-09-06,EcoFit Smart Bottle,437,206.0,1226,65,0,0,5,0,0,0,9.58
2023-09-07,EcoFit Smart Bottle,3427,247.0,1215,66,0,0,4,1,0,0,75.11
2023-09-08,EcoFit Smart Bottle,3190,237.0,1218,66,0,0,5,0,0,0,69.92
2023-09-09,EcoFit Smart Bottle,2960,230.0,1204,65,0,0,5,0,0,0,64.88
2023-09-10,EcoFit Smart Bottle,2739,221.0,1199,64,0,0,5,0,0,0,60.03
2023-09-11,EcoFit Smart Bottle,2532,207.0,1194,65,0,0,5,0,0,0,55.5
2023-09-12,EcoFit Smart Bottle,2337,195.0,1191,65,0,0,5,0,0,0,51.22
2023-09-13,EcoFit Smart Bottle,2159,178.0,1197,72,0,0,6,0,0,0,47.32
2023-09-14,EcoFit Smart Bottle,1949,210.0,1181,70,0,0,5,0,0,0,42.72
2023-09-15,EcoFit Smart Bottle,1728,221.0,1179,70,0,0,4,0,0,0,37.87
2023-09-16,EcoFit Smart Bottle,1497,231.0,1181,70,0,0,5,0,0,0,32.81
2023-09-17,EcoFit Smart Bottle,1269,228.0,1179,69,0,0,6,0,0,0,27.81
2023-09-18,EcoFit Smart Bottle,1082,187.0,1180,72,1,3170,6,0,0,0,23.72
2023-09-19,EcoFit Smart Bottle,845,237.0,1194,72,0,0,6,0,0,0,18.52
2023-09-20,EcoFit Smart Bottle,635,210.0,1167,71,0,0,3,0,0,0,13.92
2023-09-21,EcoFit Smart Bottle,444,191.0,1151,67,0,0,5,0,0,0,9.73
2023-09-22,EcoFit Smart Bottle,237,207.0,1155,67,0,0,6,0,0,0,5.19
2023-09-23,EcoFit Smart Bottle,7,230.0,1151,67,0,0,5,0,0,0,0.15
2023-09-24,EcoFit Smart Bottle,2945,232.0,1140,67,0,0,4,1,0,0,64.55
2023-09-25,EcoFit Smart Bottle,2758,187.0,1134,69,0,0,5,0,0,0,60.45
2023-09-26,EcoFit Smart Bottle,2568,190.0,1124,68,0,0,4,0,0,0,56.28
2023-09-27,EcoFit Smart Bottle,2372,196.0,1131,69,0,0,6,0,0,0,51.99
2023-09-28,EcoFit Smart Bottle,2190,182.0,1130,71,0,0,5,0,0,0,48.0
2023-09-29,EcoFit Smart Bottle,1949,241.0,1159,74,0,0,6,0,0,0,42.72
2023-09-30,EcoFit Smart Bottle,1711,238.0,1157,76,0,0,5,0,0,0,37.5
2023-10-01,EcoFit Smart Bottle,1445,266.0,1157,80,0,0,4,0,0,0,31.67
2023-10-02,EcoFit Smart Bottle,1241,204.0,1152,80,0,0,6,0,0,0,27.2
2023-10-03,EcoFit Smart Bottle,1063,178.0,1166,84,1,3121,6,0,0,0,23.3
2023-10-04,EcoFit Smart Bottle,866,197.0,1149,84,0,0,4,0,0,0,18.98
2023-10-05,EcoFit Smart Bottle,667,199.0,1156,85,0,0,5,0,0,0,14.62
2023-10-06,EcoFit Smart Bottle,463,204.0,1140,84,0,0,3,0,0,0,10.15
2023-10-07,EcoFit Smart Bottle,248,215.0,1146,81,0,0,6,0,0,0,5.44
2023-10-08,EcoFit Smart Bottle,42,206.0,1132,79,0,0,4,0,0,0,0.92
2023-10-09,EcoFit Smart Bottle,2964,199.0,1112,78,0,0,3,1,0,0,64.96
2023-10-10,EcoFit Smart Bottle,2799,165.0,1093,82,0,0,3,0,0,0,61.35
2023-10-11,EcoFit Smart Bottle,2580,219.0,1096,83,0,0,5,0,0,0,56.55
2023-10-12,EcoFit Smart Bottle,2377,203.0,1104,83,0,0,6,0,0,0,52.1
2023-10-13,EcoFit Smart Bottle,2173,204.0,1098,80,0,0,5,0,0,0,47.63
2023-10-14,EcoFit Smart Bottle,1957,216.0,1099,80,0,0,5,0,0,0,42.89
2023-10-15,EcoFit Smart Bottle,1743,214.0,1098,80,0,0,4,0,0,0,38.2
2023-10-16,EcoFit Smart Bottle,1562,181.0,1083,80,0,0,4,0,0,0,34.24
2023-10-17,EcoFit Smart Bottle,1381,181.0,1077,81,0,0,6,0,0,0,30.27
2023-10-18,EcoFit Smart Bottle,1204,177.0,1069,82,0,0,5,0,0,0,26.39
2023-10-19,EcoFit Smart Bottle,1044,160.0,1052,84,1,3044,5,0,0,0,22.88
2023-10-20,EcoFit Smart Bottle,851,193.0,1148,88,0,0,17,0,0,0,18.65
2023-10-21,EcoFit Smart Bottle,623,228.0,1226,92,0,0,15,0,0,0,13.65
2023-10-22,EcoFit Smart Bottle,410,213.0,1291,95,0,0,15,0,0,0,8.99
2023-10-23,EcoFit Smart Bottle,217,193.0,1289,93,0,0,6,0,0,0,4.76
2023-10-24,EcoFit Smart Bottle,3034,227.0,1308,93,0,0,7,1,0,0,66.5
2023-10-25,EcoFit Smart Bottle,2862,172.0,1307,95,0,0,5,0,0,0,62.73
2023-10-26,EcoFit Smart Bottle,2685,177.0,1327,97,0,0,7,0,0,0,58.85
2023-10-27,EcoFit Smart Bottle,2488,197.0,1314,97,0,0,4,0,0,0,54.53
2023-10-28,EcoFit Smart Bottle,2292,196.0,1315,96,0,0,5,0,0,0,50.24
2023-10-29,EcoFit Smart Bottle,2104,188.0,1293,91,0,0,5,0,0,0,46.12
2023-10-30,EcoFit Smart Bottle,1922,182.0,1265,87,0,0,3,0,0,0,42.13
2023-10-31,EcoFit Smart Bottle,1741,181.0,1238,71,0,0,5,0,0,0,38.16
2023-11-01,EcoFit Smart Bottle,1532,209.0,1240,72,0,0,6,0,0,0,33.58
2023-11-02,EcoFit Smart Bottle,1349,183.0,1234,71,0,0,5,0,0,0,29.57
2023-11-03,EcoFit Smart Bottle,1146,203.0,1241,71,1,2992,5,0,0,0,25.12
2023-11-04,EcoFit Smart Bottle,926,220.0,1255,74,0,0,6,0,0,0,20.3
2023-11-05,EcoFit Smart Bottle,736,190.0,1259,74,0,0,4,0,0,0,16.13
2023-11-06,EcoFit Smart Bottle,508,228.0,1250,76,0,0,4,0,0,0,11.13
2023-11-07,EcoFit Smart Bottle,349,159.0,1245,80,0,0,4,0,0,0,7.65
2023-11-08,EcoFit Smart Bottle,3170,171.0,1248,82,0,0,4,1,0,0,69.48
2023-11-09,EcoFit Smart Bottle,3008,162.0,1269,84,0,0,6,0,0,0,65.93
2023-11-10,EcoFit Smart Bottle,2835,173.0,1258,83,0,0,5,0,0,0,62.14
2023-11-11,EcoFit Smart Bottle,2640,195.0,1243,82,0,0,4,0,0,0,57.86
2023-11-12,EcoFit Smart Bottle,2437,203.0,1236,82,0,0,4,0,0,0,53.41
2023-11-13,EcoFit Smart Bottle,2268,169.0,1246,82,0,0,8,0,0,0,49.71
2023-11-14,EcoFit Smart Bottle,2099,169.0,1237,82,0,0,4,0,0,0,46.01
2023-11-15,EcoFit Smart Bottle,1925,174.0,1236,82,0,0,4,0,0,0,42.19
2023-11-16,EcoFit Smart Bottle,1752,173.0,1229,83,0,0,5,0,0,0,38.4
2023-11-17,EcoFit Smart Bottle,1590,162.0,1234,85,0,0,6,0,0,0,34.85
2023-11-18,EcoFit Smart Bottle,1373,217.0,1245,85,0,0,5,0,0,0,30.09
2023-11-19,EcoFit Smart Bottle,1170,203.0,1162,82,0,0,4,0,0,0,25.64
2023-11-20,EcoFit Smart Bottle,952,218.0,1085,77,1,2946,4,0,0,0,20.87
2023-11-21,EcoFit Smart Bottle,772,180.0,1020,74,0,0,6,0,0,0,16.92
2023-11-22,EcoFit Smart Bottle,593,179.0,1011,74,0,0,5,0,0,0,13.0
2023-11-23,EcoFit Smart Bottle,417,176.0,972,68,0,0,3,0,0,0,9.14
2023-11-24,EcoFit Smart Bottle,3174,189.0,981,68,0,0,6,1,0,0,69.57
2023-11-25,EcoFit Smart Bottle,2957,217.0,983,70,0,0,6,0,0,0,64.81
2023-11-26,EcoFit Smart Bottle,2768,189.0,988,70,0,0,5,0,0,0,60.67
2023-11-27,EcoFit Smart Bottle,2603,165.0,984,71,0,0,5,0,0,0,57.05
2023-11-28,EcoFit Smart Bottle,2416,187.0,984,71,0,0,5,0,0,0,52.95
2023-11-29,EcoFit Smart Bottle,2229,165.0,992,72,0,0,4,0,0,0,48.85
2023-11-30,EcoFit Smart Bottle,2064,165.0,984,73,0,0,4,0,0,0,45.24
2023-12-01,EcoFit Smart Bottle,1886,178.0,971,71,0,0,5,0,0,0,41.34
2023-12-02,EcoFit Smart Bottle,1694,192.0,966,71,0,0,4,0,0,0,37.13
2023-12-03,EcoFit Smart Bottle,1507,187.0,962,70,0,0,5,0,0,0,33.03
2023-12-04,EcoFit Smart Bottle,1333,174.0,939,66,0,0,4,0,0,0,29.22
2023-12-05,EcoFit Smart Bottle,1154,179.0,943,66,0,0,5,0,0,0,25.29
2023-12-06,EcoFit Smart Bottle,992,162.0,934,61,0,0,5,0,0,0,21.74
2023-12-07,EcoFit Smart Bottle,805,187.0,954,59,1,2887,7,0,0,0,17.64
2023-12-08,EcoFit Smart Bottle,577,228.0,971,66,0,0,4,0,0,0,12.65
2023-12-09,EcoFit Smart Bottle,328,249.0,982,76,0,0,4,0,0,0,7.19
2023-12-10,EcoFit Smart Bottle,91,237.0,992,82,0,0,4,0,0,0,1.99
2023-12-11,EcoFit Smart Bottle,0,213.0,996,83,0,0,4,0,1,122,0.0
2023-12-12,EcoFit Smart Bottle,0,201.0,996,83,0,0,4,0,1,201,0.0
2023-12-13,EcoFit Smart Bottle,0,177.0,977,82,0,0,5,0,1,177,0.0
2023-12-14,EcoFit Smart Bottle,2706,181.0,991,81,0,0,6,1,0,0,59.31
2023-12-15,EcoFit Smart Bottle,2528,178.0,1012,82,0,0,7,0,0,0,55.41
2023-12-16,EcoFit Smart Bottle,2320,208.0,1010,81,0,0,4,0,0,0,50.85
2023-12-17,EcoFit Smart Bottle,2120,200.0,1027,79,0,0,8,0,0,0,46.47
2023-12-18,EcoFit Smart Bottle,1943,177.0,1033,79,0,0,7,0,0,0,42.59
2023-12-19,EcoFit Smart Bottle,1760,183.0,1036,79,0,0,5,0,0,0,38.58
2023-12-20,EcoFit Smart Bottle,1574,186.0,1022,77,0,0,3,0,0,0,34.5
2023-12-21,EcoFit Smart Bottle,1407,167.0,1015,78,0,0,5,0,0,0,30.84
2023-12-22,EcoFit Smart Bottle,1231,176.0,1015,78,0,0,5,0,0,0,26.98
2023-12-23,EcoFit Smart Bottle,1028,203.0,1019,78,0,0,3,0,0,0,22.53
2023-12-24,EcoFit Smart Bottle,862,166.0,1010,79,1,2944,5,0,0,0,18.89
2023-12-25,EcoFit Smart Bottle,664,198.0,998,77,0,0,5,0,0,0,14.55
2023-12-26,EcoFit Smart Bottle,475,189.0,992,77,0,0,4,0,0,0,10.41
2023-12-27,EcoFit Smart Bottle,292,183.0,999,75,0,0,6,0,0,0,6.4
2023-12-28,EcoFit Smart Bottle,125,167.0,1004,77,0,0,6,0,0,0,2.74
2023-12-29,EcoFit Smart Bottle,2878,191.0,1011,77,0,0,5,1,0,0,63.08
2023-12-30,EcoFit Smart Bottle,2691,187.0,1020,76,0,0,5,0,0,0,58.98
2023-12-31,EcoFit Smart Bottle,2477,214.0,1021,77,0,0,4,0,0,0,54.29
2024-01-01,EcoFit Smart Bottle,2274,203.0,1023,77,0,0,4,0,0,0,49.84
2024-01-02,EcoFit Smart Bottle,2040,234.0,1035,82,0,0,5,0,0,0,44.71
2024-01-03,EcoFit Smart Bottle,1842,198.0,1051,81,0,0,6,0,0,0,40.37
2024-01-04,EcoFit Smart Bottle,1658,184.0,1046,81,0,0,4,0,0,0,36.34
2024-01-05,EcoFit Smart Bottle,1475,183.0,1033,78,0,0,3,0,0,0,32.33
2024-01-06,EcoFit Smart Bottle,1275,200.0,1028,77,0,0,6,0,0,0,27.95
2024-01-07,EcoFit Smart Bottle,1087,188.0,1012,74,0,0,3,0,0,0,23.82
2024-01-08,EcoFit Smart Bottle,913,174.0,997,65,1,2956,5,0,0,0,20.01
2024-01-09,EcoFit Smart Bottle,747,166.0,999,59,0,0,7,0,0,0,16.37
2024-01-10,EcoFit Smart Bottle,577,170.0,998,59,0,0,5,0,0,0,12.65
2024-01-11,EcoFit Smart Bottle,418,159.0,993,61,0,0,4,0,0,0,9.16
2024-01-12,EcoFit Smart Bottle,196,222.0,998,65,0,0,4,0,0,0,4.3
2024-01-13,EcoFit Smart Bottle,2927,225.0,1009,69,0,0,6,1,0,0,64.15
2024-01-14,EcoFit Smart Bottle,2706,221.0,1006,71,0,0,5,0,0,0,59.31
2024-01-15,EcoFit Smart Bottle,2509,197.0,1016,71,0,0,6,0,0,0,54.99
2024-01-16,EcoFit Smart Bottle,2320,189.0,1001,70,0,0,6,0,0,0,50.85
2024-01-17,EcoFit Smart Bottle,2144,176.0,988,70,0,0,5,0,0,0,46.99
2024-01-18,EcoFit Smart Bottle,1957,187.0,989,70,0,0,5,0,0,0,42.89
2024-01-19,EcoFit Smart Bottle,1712,245.0,1014,79,0,0,4,0,0,0,37.52
2024-01-20,EcoFit Smart Bottle,1486,226.0,1004,79,0,0,2,0,0,0,32.57
2024-01-21,EcoFit Smart Bottle,1269,217.0,997,79,0,0,3,0,0,0,27.81
2024-01-22,EcoFit Smart Bottle,1068,201.0,1011,80,0,0,5,0,0,0,23.41
2024-01-23,EcoFit Smart Bottle,880,188.0,1012,77,1,2991,5,0,0,0,19.29
2024-01-24,EcoFit Smart Bottle,714,166.0,1010,80,0,0,5,0,0,0,15.65
2024-01-25,EcoFit Smart Bottle,520,194.0,1017,80,0,0,5,0,0,0,11.4
2024-01-26,EcoFit Smart Bottle,279,241.0,1025,85,0,0,5,0,0,0,6.12
2024-01-27,EcoFit Smart Bottle,279,0.0,1067,154,0,0,6,0,0,0,6.12
2024-01-28,EcoFit Smart Bottle,3270,0.0,1074,198,0,0,4,1,0,0,71.67
2024-01-29,EcoFit Smart Bottle,3052,218.0,1080,199,0,0,5,0,0,0,66.89
2024-01-30,EcoFit Smart Bottle,2856,196.0,1070,198,0,0,3,0,0,0,62.6
2024-01-31,EcoFit Smart Bottle,2666,190.0,1082,199,0,0,6,0,0,0,58.43
2024-02-01,EcoFit Smart Bottle,2406,260.0,1090,203,0,0,5,0,0,0,52.73
2024-02-02,EcoFit Smart Bottle,2180,226.0,1088,203,0,0,5,0,0,0,47.78
2024-02-03,EcoFit Smart Bottle,1943,237.0,1120,208,0,0,7,0,0,0,42.59
2024-02-04,EcoFit Smart Bottle,1712,231.0,1151,212,0,0,6,0,0,0,37.52
2024-02-05,EcoFit Smart Bottle,1516,196.0,1143,211,0,0,5,0,0,0,33.23
2024-02-06,EcoFit Smart Bottle,1339,177.0,1163,214,0,0,6,0,0,0,29.35
2024-02-07,EcoFit Smart Bottle,1145,194.0,1159,213,1,2948,4,0,0,0,25.1
2024-02-08,EcoFit Smart Bottle,933,212.0,1152,211,0,0,5,0,0,0,20.45
2024-02-09,EcoFit Smart Bottle,704,229.0,1163,212,0,0,5,0,0,0,15.43
2024-02-10,EcoFit Smart Bottle,455,249.0,1172,213,0,0,3,0,0,0,9.97
2024-02-11,EcoFit Smart Bottle,3163,240.0,1191,216,0,0,6,1,0,0,69.33
2024-02-12,EcoFit Smart Bottle,2928,235.0,1178,215,0,0,4,0,0,0,64.18
2024-02-13,EcoFit Smart Bottle,2742,186.0,1179,215,0,0,6,0,0,0,60.1
2024-02-14,EcoFit Smart Bottle,2540,202.0,1172,214,0,0,5,0,0,0,55.67
2024-02-15,EcoFit Smart Bottle,2332,208.0,1175,214,0,0,6,0,0,0,51.11
2024-02-16,EcoFit Smart Bottle,2118,214.0,1189,215,0,0,6,0,0,0,46.42
2024-02-17,EcoFit Smart Bottle,1871,247.0,1193,216,0,0,4,0,0,0,41.01
2024-02-18,EcoFit Smart Bottle,1623,248.0,1187,216,0,0,3,0,0,0,35.57
2024-02-19,EcoFit Smart Bottle,1402,221.0,1208,218,0,0,5,0,0,0,30.73
2024-02-20,EcoFit Smart Bottle,1180,222.0,1231,220,1,3028,6,0,0,0,25.86
2024-02-21,EcoFit Smart Bottle,958,222.0,1236,221,0,0,5,0,0,0,21.0
2024-02-22,EcoFit Smart Bottle,725,233.0,1237,221,0,0,4,0,0,0,15.89
2024-02-23,EcoFit Smart Bottle,496,229.0,1246,220,0,0,5,0,0,0,10.87
2024-02-24,EcoFit Smart Bottle,248,248.0,1233,219,0,0,2,0,0,0,5.44
2024-02-25,EcoFit Smart Bottle,11,237.0,1225,218,0,0,4,0,0,0,0.24
2024-02-26,EcoFit Smart Bottle,2808,231.0,1195,165,0,0,4,1,0,0,61.55
2024-02-27,EcoFit Smart Bottle,2598,210.0,1147,76,0,0,5,0,0,0,56.94
2024-02-28,EcoFit Smart Bottle,2220,378.0,1217,128,0,0,4,0,0,0,48.66
2024-02-29,EcoFit Smart Bottle,2011,209.0,1227,128,0,0,4,0,0,0,44.08
2024-03-01,EcoFit Smart Bottle,1792,219.0,1221,125,0,0,5,0,0,0,39.28
2024-03-02,EcoFit Smart Bottle,1551,241.0,1208,123,0,0,4,0,0,0,33.99
2024-03-03,EcoFit Smart Bottle,1309,242.0,1211,123,0,0,5,0,0,0,28.69
2024-03-04,EcoFit Smart Bottle,1082,227.0,1186,122,1,3225,4,0,0,0,23.72
2024-03-05,EcoFit Smart Bottle,879,203.0,1174,122,0,0,5,0,0,0,19.27
2024-03-06,EcoFit Smart Bottle,641,238.0,1170,120,0,0,4,0,0,0,14.05
2024-03-07,EcoFit Smart Bottle,402,239.0,1175,115,0,0,6,0,0,0,8.81
2024-03-08,EcoFit Smart Bottle,3382,245.0,1189,113,0,0,5,1,0,0,74.13
2024-03-09,EcoFit Smart Bottle,3127,255.0,1204,114,0,0,6,0,0,0,68.54
2024-03-10,EcoFit Smart Bottle,2891,236.0,1205,114,0,0,5,0,0,0,63.36
2024-03-11,EcoFit Smart Bottle,2685,206.0,1207,115,0,0,4,0,0,0,58.85
2024-03-12,EcoFit Smart Bottle,2467,218.0,1204,115,0,0,6,0,0,0,54.07
2024-03-13,EcoFit Smart Bottle,2251,216.0,1209,116,0,0,5,0,0,0,49.34
2024-03-14,EcoFit Smart Bottle,1971,280.0,1216,116,0,0,5,0,0,0,43.2
2024-03-15,EcoFit Smart Bottle,1700,271.0,1227,116,0,0,5,0,0,0,37.26
2024-03-16,EcoFit Smart Bottle,1459,241.0,1222,114,0,0,5,0,0,0,31.98
2024-03-17,EcoFit Smart Bottle,1206,253.0,1229,114,1,3301,6,0,0,0,26.43
2024-03-18,EcoFit Smart Bottle,984,222.0,1249,115,0,0,7,0,0,0,21.57
2024-03-19,EcoFit Smart Bottle,769,215.0,1253,116,0,0,4,0,0,0,16.85
2024-03-20,EcoFit Smart Bottle,545,224.0,1262,117,0,0,6,0,0,0,11.95
2024-03-21,EcoFit Smart Bottle,239,306.0,1275,124,0,0,5,0,0,0,5.24
2024-03-22,EcoFit Smart Bottle,0,253.0,1288,124,0,0,6,0,1,14,0.0
2024-03-23,EcoFit Smart Bottle,3026,275.0,1306,127,0,0,5,1,0,0,66.32
2024-03-24,EcoFit Smart Bottle,2766,260.0,1319,127,0,0,6,0,0,0,60.62
2024-03-25,EcoFit Smart Bottle,2526,240.0,1318,127,0,0,2,0,0,0,55.36
2024-03-26,EcoFit Smart Bottle,2297,229.0,1317,128,0,0,4,0,0,0,50.35
2024-03-27,EcoFit Smart Bottle,2055,242.0,1318,127,0,0,4,0,0,0,45.04
2024-03-28,EcoFit Smart Bottle,1804,251.0,1323,125,0,0,5,0,0,0,39.54
2024-03-29,EcoFit Smart Bottle,1558,246.0,1261,85,0,0,4,0,0,0,34.15
2024-03-30,EcoFit Smart Bottle,1254,304.0,1285,93,1,3331,4,0,0,0,27.48
2024-03-31,EcoFit Smart Bottle,980,274.0,1303,94,0,0,6,0,0,0,21.48
2024-04-01,EcoFit Smart Bottle,751,229.0,1326,95,0,0,7,0,0,0,16.46
2024-04-02,EcoFit Smart Bottle,532,219.0,1299,96,0,0,2,0,0,0,11.66
2024-04-03,EcoFit Smart Bottle,3626,237.0,1308,95,0,0,5,1,0,0,79.47
2024-04-04,EcoFit Smart Bottle,3374,252.0,1312,91,0,0,5,0,0,0,73.95
2024-04-05,EcoFit Smart Bottle,3133,241.0,1321,91,0,0,5,0,0,0,68.67
2024-04-06,EcoFit Smart Bottle,2873,260.0,1316,91,0,0,5,0,0,0,62.97
2024-04-07,EcoFit Smart Bottle,2605,268.0,1313,92,0,0,4,0,0,0,57.1
2024-04-08,EcoFit Smart Bottle,2357,248.0,1294,91,0,0,4,0,0,0,51.66
2024-04-09,EcoFit Smart Bottle,2084,273.0,1310,93,0,0,6,0,0,0,45.68
2024-04-10,EcoFit Smart Bottle,1808,276.0,1335,90,0,0,6,0,0,0,39.63
2024-04-11,EcoFit Smart Bottle,1554,254.0,1330,87,0,0,5,0,0,0,34.06
2024-04-12,EcoFit Smart Bottle,1284,270.0,1327,84,1,3403,4,0,0,0,28.14
2024-04-13,EcoFit Smart Bottle,996,288.0,1330,85,0,0,5,0,0,0,21.83
2024-04-14,EcoFit Smart Bottle,718,278.0,1332,86,0,0,5,0,0,0,15.74
2024-04-15,EcoFit Smart Bottle,471,247.0,1341,86,0,0,6,0,0,0,10.32
2024-04-16,EcoFit Smart Bottle,3635,239.0,1331,86,0,0,5,1,0,0,79.67
2024-04-17,EcoFit Smart Bottle,3379,256.0,1308,83,0,0,4,0,0,0,74.06
2024-04-18,EcoFit Smart Bottle,3138,241.0,1316,79,0,0,5,0,0,0,68.78
2024-04-19,EcoFit Smart Bottle,2865,273.0,1304,76,0,0,4,0,0,0,62.79
2024-04-20,EcoFit Smart Bottle,2575,290.0,1306,72,0,0,6,0,0,0,56.44
2024-04-21,EcoFit Smart Bottle,2288,287.0,1315,75,0,0,6,0,0,0,50.15
2024-04-22,EcoFit Smart Bottle,2044,244.0,1300,74,0,0,4,0,0,0,44.8
2024-04-23,EcoFit Smart Bottle,1784,260.0,1291,74,0,0,5,0,0,0,39.1
2024-04-24,EcoFit Smart Bottle,1527,257.0,1311,74,0,0,4,0,0,0,33.47
2024-04-25,EcoFit Smart Bottle,1266,261.0,1332,72,1,3436,6,0,0,0,27.75
2024-04-26,EcoFit Smart Bottle,1002,264.0,1352,71,0,0,6,0,0,0,21.96
2024-04-27,EcoFit Smart Bottle,718,284.0,1359,73,0,0,5,0,0,0,15.74
2024-04-28,EcoFit Smart Bottle,432,286.0,1384,74,0,0,6,0,0,0,9.47
2024-04-29,EcoFit Smart Bottle,180,252.0,1379,69,0,0,5,0,0,0,3.95
2024-04-30,EcoFit Smart Bottle,0,269.0,1360,68,0,0,4,0,1,89,0.0
2024-05-01,EcoFit Smart Bottle,3177,259.0,1335,64,0,0,4,1,0,0,69.63
2024-05-02,EcoFit Smart Bottle,2905,272.0,1364,58,0,0,5,0,0,0,63.67
2024-05-03,EcoFit Smart Bottle,2625,280.0,1369,56,0,0,5,0,0,0,57.53
2024-05-04,EcoFit Smart Bottle,2328,297.0,1380,60,0,0,5,0,0,0,51.02
2024-05-05,EcoFit Smart Bottle,2006,322.0,1393,68,0,0,4,0,0,0,43.97
2024-05-06,EcoFit Smart Bottle,1746,260.0,1402,68,0,0,6,0,0,0,38.27
2024-05-07,EcoFit Smart Bottle,1482,264.0,1420,69,0,0,6,0,0,0,32.48
2024-05-08,EcoFit Smart Bottle,1233,249.0,1429,69,1,3499,5,0,0,0,27.02
2024-05-09,EcoFit Smart Bottle,972,261.0,1408,68,0,0,4,0,0,0,21.3
2024-05-10,EcoFit Smart Bottle,691,281.0,1410,69,0,0,6,0,0,0,15.15
2024-05-11,EcoFit Smart Bottle,402,289.0,1426,70,0,0,6,0,0,0,8.81
2024-05-12,EcoFit Smart Bottle,124,278.0,1436,70,0,0,5,0,0,0,2.72
2024-05-13,EcoFit Smart Bottle,3373,250.0,1421,70,0,0,4,1,0,0,73.93
2024-05-14,EcoFit Smart Bottle,3109,264.0,1418,70,0,0,5,0,0,0,68.14
2024-05-15,EcoFit Smart Bottle,2842,267.0,1429,68,0,0,7,0,0,0,62.29
2024-05-16,EcoFit Smart Bottle,2571,271.0,1413,65,0,0,3,0,0,0,56.35
2024-05-17,EcoFit Smart Bottle,2305,266.0,1423,64,0,0,5,0,0,0,50.52
2024-05-18,EcoFit Smart Bottle,2011,294.0,1431,63,0,0,5,0,0,0,44.08
2024-05-19,EcoFit Smart Bottle,1728,283.0,1432,63,0,0,4,0,0,0,37.87
2024-05-20,EcoFit Smart Bottle,1447,281.0,1421,62,0,0,5,0,0,0,31.72
2024-05-21,EcoFit Smart Bottle,1202,245.0,1397,63,1,3512,4,0,0,0,26.35
2024-05-22,EcoFit Smart Bottle,936,266.0,1407,61,0,0,5,0,0,0,20.52
2024-05-23,EcoFit Smart Bottle,654,282.0,1420,61,0,0,6,0,0,0,14.33
2024-05-24,EcoFit Smart Bottle,375,279.0,1433,61,0,0,5,0,0,0,8.22
2024-05-25,EcoFit Smart Bottle,3552,335.0,1439,73,0,0,4,1,0,0,77.85
2024-05-26,EcoFit Smart Bottle,3273,279.0,1413,72,0,0,3,0,0,0,71.74
2024-05-27,EcoFit Smart Bottle,2999,274.0,1401,71,0,0,4,0,0,0,65.73
2024-05-28,EcoFit Smart Bottle,2733,266.0,1369,70,0,0,3,0,0,0,59.9
2024-05-29,EcoFit Smart Bottle,2467,266.0,1389,69,0,0,7,0,0,0,54.07
2024-05-30,EcoFit Smart Bottle,2212,255.0,1398,71,0,0,5,0,0,0,48.48
2024-05-31,EcoFit Smart Bottle,1957,286.0,1397,71,0,0,4,0,0,0,42.89
2024-06-01,EcoFit Smart Bottle,1671,286.0,1390,71,0,0,4,0,0,0,36.62
2024-06-02,EcoFit Smart Bottle,1339,332.0,1398,80,1,3552,4,0,0,0,29.35
2024-06-03,EcoFit Smart Bottle,1050,289.0,1397,80,0,0,5,0,0,0,23.01
2024-06-04,EcoFit Smart Bottle,806,244.0,1381,76,0,0,4,0,0,0,17.67
2024-06-05,EcoFit Smart Bottle,528,278.0,1393,76,0,0,7,0,0,0,11.57
2024-06-06,EcoFit Smart Bottle,3818,262.0,1373,75,0,0,4,1,0,0,83.68
2024-06-07,EcoFit Smart Bottle,3484,334.0,1385,83,0,0,4,0,0,0,76.36
2024-06-08,EcoFit Smart Bottle,3132,352.0,1422,96,0,0,5,0,0,0,68.65
2024-06-09,EcoFit Smart Bottle,2847,285.0,1422,96,0,0,6,0,0,0,62.4
2024-06-10,EcoFit Smart Bottle,2587,260.0,1418,96,0,0,6,0,0,0,56.7
2024-06-11,EcoFit Smart Bottle,2297,290.0,1421,97,0,0,5,0,0,0,50.35
2024-06-12,EcoFit Smart Bottle,2007,266.0,1434,95,0,0,5,0,0,0,43.99
2024-06-13,EcoFit Smart Bottle,1741,266.0,1435,95,0,0,5,0,0,0,38.16
2024-06-14,EcoFit Smart Bottle,1412,329.0,1439,99,1,3594,6,0,0,0,30.95
2024-06-15,EcoFit Smart Bottle,1101,311.0,1466,101,0,0,5,0,0,0,24.13
2024-06-16,EcoFit Smart Bottle,810,291.0,1460,100,0,0,4,0,0,0,17.75
2024-06-17,EcoFit Smart Bottle,542,268.0,1446,100,0,0,4,0,0,0,11.88
2024-06-18,EcoFit Smart Bottle,280,262.0,1454,102,0,0,5,0,0,0,6.14
2024-06-19,EcoFit Smart Bottle,13,267.0,1443,102,0,0,4,0,0,0,0.28
2024-06-20,EcoFit Smart Bottle,3330,277.0,1464,99,0,0,6,1,0,0,72.99
2024-06-21,EcoFit Smart Bottle,3038,292.0,1468,99,0,0,5,0,0,0,66.59
2024-06-22,EcoFit Smart Bottle,2597,441.0,1516,141,0,0,4,0,0,0,56.92
2024-06-23,EcoFit Smart Bottle,2313,284.0,1517,141,0,0,5,0,0,0,50.7
2024-06-24,EcoFit Smart Bottle,2060,253.0,1503,140,0,0,4,0,0,0,45.15
2024-06-25,EcoFit Smart Bottle,1786,274.0,1522,141,0,0,5,0,0,0,39.15
2024-06-26,EcoFit Smart Bottle,1515,271.0,1542,142,1,3623,6,0,0,0,33.21
2024-06-27,EcoFit Smart Bottle,1243,272.0,1553,142,0,0,4,0,0,0,27.24
2024-06-28,EcoFit Smart Bottle,966,277.0,1514,140,0,0,3,0,0,0,21.17
2024-06-29,EcoFit Smart Bottle,670,296.0,1518,138,0,0,5,0,0,0,14.68
2024-06-30,EcoFit Smart Bottle,375,295.0,1533,137,0,0,5,0,0,0,8.22
2024-07-01,EcoFit Smart Bottle,112,263.0,1540,138,0,0,5,0,0,0,2.45
2024-07-02,EcoFit Smart Bottle,3487,248.0,1537,138,0,0,5,1,0,0,76.43
2024-07-03,EcoFit Smart Bottle,3228,259.0,1534,140,0,0,5,0,0,0,70.75
2024-07-04,EcoFit Smart Bottle,2967,261.0,1555,139,0,0,6,0,0,0,65.03
2024-07-05,EcoFit Smart Bottle,2693,274.0,1523,137,0,0,4,0,0,0,59.02
2024-07-06,EcoFit Smart Bottle,2400,293.0,1538,137,0,0,5,0,0,0,52.6
2024-07-07,EcoFit Smart Bottle,2126,274.0,1524,133,0,0,4,0,0,0,46.6
2024-07-08,EcoFit Smart Bottle,1865,261.0,1493,126,0,0,4,0,0,0,40.88
2024-07-09,EcoFit Smart Bottle,1576,289.0,1494,126,0,0,6,0,0,0,34.54
2024-07-10,EcoFit Smart Bottle,1298,278.0,1495,125,1,3597,6,0,0,0,28.45
2024-07-11,EcoFit Smart Bottle,1057,241.0,1471,127,0,0,3,0,0,0,23.17
2024-07-12,EcoFit Smart Bottle,799,258.0,1457,128,0,0,4,0,0,0,17.51
2024-07-13,EcoFit Smart Bottle,519,280.0,1458,127,0,0,5,0,0,0,11.38
2024-07-14,EcoFit Smart Bottle,235,284.0,1447,123,0,0,6,0,0,0,5.15
2024-07-15,EcoFit Smart Bottle,0,237.0,1427,124,0,0,4,0,1,2,0.0
2024-07-16,EcoFit Smart Bottle,3354,243.0,1431,126,0,0,5,1,0,0,73.51
2024-07-17,EcoFit Smart Bottle,3107,247.0,1429,127,0,0,4,0,0,0,68.1
2024-07-18,EcoFit Smart Bottle,2869,238.0,1456,131,0,0,8,0,0,0,62.88
2024-07-19,EcoFit Smart Bottle,2598,271.0,1466,131,0,0,5,0,0,0,56.94
2024-07-20,EcoFit Smart Bottle,2329,269.0,1465,131,0,0,6,0,0,0,51.05
2024-07-21,EcoFit Smart Bottle,2052,277.0,1472,131,0,0,6,0,0,0,44.98
2024-07-22,EcoFit Smart Bottle,1796,256.0,1390,62,0,0,6,0,0,0,39.36
2024-07-23,EcoFit Smart Bottle,1532,264.0,1396,62,0,0,6,0,0,0,33.58
2024-07-24,EcoFit Smart Bottle,1293,239.0,1404,64,1,3486,5,0,0,0,28.34
2024-07-25,EcoFit Smart Bottle,1047,246.0,1410,65,0,0,6,0,0,0,22.95
2024-07-26,EcoFit Smart Bottle,773,274.0,1401,65,0,0,5,0,0,0,16.94
2024-07-27,EcoFit Smart Bottle,495,278.0,1421,66,0,0,6,0,0,0,10.85
2024-07-28,EcoFit Smart Bottle,237,258.0,1427,66,0,0,4,0,0,0,5.19
2024-07-29,EcoFit Smart Bottle,3472,251.0,1407,63,0,0,4,1,0,0,76.1
2024-07-30,EcoFit Smart Bottle,3217,255.0,1405,59,0,0,6,0,0,0,70.51
2024-07-31,EcoFit Smart Bottle,2969,248.0,1412,60,0,0,6,0,0,0,65.07
2024-08-01,EcoFit Smart Bottle,2721,248.0,1412,60,0,0,5,0,0,0,59.64
2024-08-02,EcoFit Smart Bottle,2487,234.0,1402,63,0,0,4,0,0,0,54.51
2024-08-03,EcoFit Smart Bottle,2188,299.0,1405,68,0,0,5,0,0,0,47.96
2024-08-04,EcoFit Smart Bottle,1889,238.0,1422,72,0,0,5,0,0,0,41.4
2024-08-05,EcoFit Smart Bottle,1651,238.0,1429,71,0,0,7,0,0,0,36.19
2024-08-06,EcoFit Smart Bottle,1434,217.0,1442,77,1,3439,6,0,0,0,31.43
2024-08-07,EcoFit Smart Bottle,1193,241.0,1458,79,0,0,6,0,0,0,26.15
2024-08-08,EcoFit Smart Bottle,943,250.0,1440,76,0,0,5,0,0,0,20.67
2024-08-09,EcoFit Smart Bottle,702,241.0,1414,74,0,0,4,0,0,0,15.39
2024-08-10,EcoFit Smart Bottle,385,317.0,1464,85,0,0,6,0,0,0,8.44
2024-08-11,EcoFit Smart Bottle,125,260.0,1491,86,0,0,7,0,0,0,2.74
2024-08-12,EcoFit Smart Bottle,3329,235.0,1493,87,0,0,6,1,0,0,72.96
2024-08-13,EcoFit Smart Bottle,3112,217.0,1474,89,0,0,5,0,0,0,68.21
2024-08-14,EcoFit Smart Bottle,2886,226.0,1491,91,0,0,6,0,0,0,63.25
2024-08-15,EcoFit Smart Bottle,2626,260.0,1493,90,0,0,5,0,0,0,57.56
2024-08-16,EcoFit Smart Bottle,2387,239.0,1510,91,0,0,6,0,0,0,52.32
2024-08-17,EcoFit Smart Bottle,2128,259.0,1477,89,0,0,4,0,0,0,46.64
2024-08-18,EcoFit Smart Bottle,1858,270.0,1469,89,0,0,4,0,0,0,40.72
2024-08-19,EcoFit Smart Bottle,1620,238.0,1463,89,0,0,6,0,0,0,35.51
2024-08-20,EcoFit Smart Bottle,1383,237.0,1446,88,1,3398,5,0,0,0,30.31
2024-08-21,EcoFit Smart Bottle,1147,236.0,1452,89,0,0,7,0,0,0,25.14
2024-08-22,EcoFit Smart Bottle,903,244.0,1440,89,0,0,5,0,0,0,19.79
2024-08-23,EcoFit Smart Bottle,642,261.0,1444,89,0,0,5,0,0,0,14.07
2024-08-24,EcoFit Smart Bottle,395,247.0,1427,88,0,0,4,0,0,0,8.66
2024-08-25,EcoFit Smart Bottle,3512,281.0,1411,88,0,0,3,1,0,0,76.98
2024-08-26,EcoFit Smart Bottle,3296,216.0,1376,89,0,0,3,0,0,0,72.24
2024-08-27,EcoFit Smart Bottle,3071,225.0,1381,91,0,0,5,0,0,0,67.31
2024-08-28,EcoFit Smart Bottle,2856,215.0,1378,94,0,0,4,0,0,0,62.6
2024-08-29,EcoFit Smart Bottle,2632,224.0,1373,95,0,0,6,0,0,0,57.69
2024-08-30,EcoFit Smart Bottle,2402,230.0,1371,96,0,0,6,0,0,0,52.65
2024-08-31,EcoFit Smart Bottle,2144,258.0,1373,96,0,0,5,0,0,0,46.99
2024-09-01,EcoFit Smart Bottle,1893,251.0,1402,97,0,0,7,0,0,0,41.49
2024-09-02,EcoFit Smart Bottle,1627,266.0,1390,91,0,0,5,0,0,0,35.66
2024-09-03,EcoFit Smart Bottle,1402,225.0,1378,84,0,0,6,0,0,0,30.73
2024-09-04,EcoFit Smart Bottle,1183,219.0,1359,85,1,3333,5,0,0,0,25.93
2024-09-05,EcoFit Smart Bottle,1179,4.0,1422,185,0,0,6,0,0,0,25.84
2024-09-06,EcoFit Smart Bottle,946,233.0,1404,184,0,0,4,0,0,0,20.73
2024-09-07,EcoFit Smart Bottle,704,242.0,1462,188,0,0,12,0,0,0,15.43
2024-09-08,EcoFit Smart Bottle,462,226.0,1521,192,0,0,11,0,0,0,10.13
2024-09-09,EcoFit Smart Bottle,3586,209.0,1542,187,0,0,12,1,0,0,78.6
2024-09-10,EcoFit Smart Bottle,3369,217.0,1573,188,0,0,12,0,0,0,73.84
2024-09-11,EcoFit Smart Bottle,3153,216.0,1619,192,0,0,12,0,0,0,69.11
2024-09-12,EcoFit Smart Bottle,2920,233.0,1622,191,0,0,5,0,0,0,64.0
2024-09-13,EcoFit Smart Bottle,2686,234.0,1623,191,0,0,6,0,0,0,58.87
2024-09-14,EcoFit Smart Bottle,2442,244.0,1628,191,0,0,6,0,0,0,53.52
2024-09-15,EcoFit Smart Bottle,2207,235.0,1611,190,0,0,4,0,0,0,48.37
2024-09-16,EcoFit Smart Bottle,1990,217.0,1617,190,0,0,6,0,0,0,43.62
2024-09-17,EcoFit Smart Bottle,1777,213.0,1619,188,0,0,6,0,0,0,38.95
2024-09-18,EcoFit Smart Bottle,1507,270.0,1612,190,1,3226,4,0,0,0,33.03
2024-09-19,EcoFit Smart Bottle,1110,397.0,1684,229,0,0,5,0,0,0,24.33
2024-09-20,EcoFit Smart Bottle,862,248.0,1661,227,0,0,4,0,0,0,18.89
2024-09-21,EcoFit Smart Bottle,621,241.0,1669,227,0,0,6,0,0,0,13.61
2024-09-22,EcoFit Smart Bottle,3626,221.0,1660,227,0,0,5,1,0,0,79.47
2024-09-23,EcoFit Smart Bottle,3418,208.0,1661,228,0,0,5,0,0,0,74.92
2024-09-24,EcoFit Smart Bottle,3214,204.0,1667,227,0,0,6,0,0,0,70.44
2024-09-25,EcoFit Smart Bottle,3006,208.0,1683,229,0,0,5,0,0,0,65.88
2024-09-26,EcoFit Smart Bottle,2795,211.0,1688,230,0,0,6,0,0,0,61.26
2024-09-27,EcoFit Smart Bottle,2583,212.0,1687,230,0,0,4,0,0,0,56.61
2024-09-28,EcoFit Smart Bottle,2343,240.0,1675,229,0,0,4,0,0,0,51.35
2024-09-29,EcoFit Smart Bottle,2107,236.0,1659,227,0,0,4,0,0,0,46.18
2024-09-30,EcoFit Smart Bottle,1903,204.0,1647,227,0,0,5,0,0,0,41.71
2024-10-01,EcoFit Smart Bottle,1683,220.0,1632,226,0,0,6,0,0,0,36.89
2024-10-02,EcoFit Smart Bottle,1471,212.0,1619,224,1,3196,5,0,0,0,32.24
2024-10-03,EcoFit Smart Bottle,1204,267.0,1630,226,0,0,6,0,0,0,26.39
2024-10-04,EcoFit Smart Bottle,940,264.0,1633,227,0,0,4,0,0,0,20.6
2024-10-05,EcoFit Smart Bottle,719,221.0,1582,147,0,0,4,0,0,0,15.76
