Date,Product,OpeningStock,ReceivedQuantity,ForecastDemand,DemandUsed,FulfilledDemand,ClosingStock,InventoryPosition,LeadTimeDays,LeadTimeDemand,SafetyStock,ProjectedInventoryAfterLeadTime,NeedReplenishment,OpenPurchaseOrderAvailable,CreatedPO_ID,OrderQuantityCreated,StockoutFlag,UnitsShort,DailyHoldingCost,Action
2024-12-31,EcoFit Smart Bottle,719,3196,183.68,184,184,3731,3731,4,799.0,147,2932,NO,NO,,0,0,0,81.77,Do Nothing
2025-01-01,EcoFit Smart Bottle,3731,0,191.6,192,192,3539,3539,4,820.8,147,2718,NO,NO,,0,0,0,77.57,Do Nothing
2025-01-02,EcoFit Smart Bottle,3539,0,193.13,194,194,3345,3345,4,815.36,147,2529,NO,NO,,0,0,0,73.31,Do Nothing
2025-01-03,EcoFit Smart Bottle,3345,0,196.9,197,197,3148,3148,4,805.04,147,2342,NO,NO,,0,0,0,69.0,Do Nothing
2025-01-04,EcoFit Smart Bottle,3148,0,217.36,218,218,2930,2930,4,784.98,147,2145,NO,NO,,0,0,0,64.22,Do Nothing
2025-01-05,EcoFit Smart Bottle,2930,0,213.41,214,214,2716,2716,4,772.82,147,1943,NO,NO,,0,0,0,59.53,Do Nothing
2025-01-06,EcoFit Smart Bottle,2716,0,187.68,188,188,2528,2528,4,792.35,147,1735,NO,NO,,0,0,0,55.41,Do Nothing
2025-01-07,EcoFit Smart Bottle,2528,0,186.59,187,187,2341,2341,4,868.8,147,1472,NO,NO,,0,0,0,51.31,Do Nothing
2025-01-08,EcoFit Smart Bottle,2341,0,197.3,198,198,2143,2143,4,898.61,147,1244,NO,NO,,0,0,0,46.97,Do Nothing
2025-01-09,EcoFit Smart Bottle,2143,0,201.24,202,202,1941,1941,4,898.87,147,1042,NO,NO,,0,0,0,42.54,Do Nothing
2025-01-10,EcoFit Smart Bottle,1941,0,207.22,208,208,1733,1733,4,890.83,147,842,NO,NO,,0,0,0,37.98,Do Nothing
2025-01-11,EcoFit Smart Bottle,1733,0,263.04,264,264,1469,4117,4,835.83,147,3281,YES,NO,PO-20250111-002,2648,0,0,32.2,Create Purchase Order
2025-01-12,EcoFit Smart Bottle,1469,0,227.11,228,228,1241,3889,4,819.4,147,3069,NO,YES,,0,0,0,27.2,Do Nothing
2025-01-13,EcoFit Smart Bottle,1241,0,201.5,202,202,1039,3687,4,834.76,147,2852,NO,YES,,0,0,0,22.77,Do Nothing
2025-01-14,EcoFit Smart Bottle,1039,0,199.18,200,200,839,3487,4,876.47,147,2610,NO,YES,,0,0,0,18.39,Do Nothing
2025-01-15,EcoFit Smart Bottle,839,2648,208.04,209,209,3278,3278,4,908.44,147,2369,NO,NO,,0,0,0,71.85,Do Nothing
2025-01-16,EcoFit Smart Bottle,3278,0,210.69,211,211,3067,3067,4,912.66,147,2154,NO,NO,,0,0,0,67.22,Do Nothing
2025-01-17,EcoFit Smart Bottle,3067,0,216.86,217,217,2850,2850,4,907.11,147,1942,NO,NO,,0,0,0,62.47,Do Nothing
2025-01-18,EcoFit Smart Bottle,2850,0,240.89,241,241,2609,2609,4,883.59,147,1725,NO,NO,,0,0,0,57.18,Do Nothing
2025-01-19,EcoFit Smart Bottle,2609,0,240.01,241,241,2368,2368,4,860.14,147,1507,NO,NO,,0,0,0,51.9,Do Nothing
2025-01-20,EcoFit Smart Bottle,2368,0,214.91,215,215,2153,2153,4,864.62,147,1288,NO,NO,,0,0,0,47.19,Do Nothing
2025-01-21,EcoFit Smart Bottle,2153,0,211.31,212,212,1941,1941,4,927.35,147,1013,NO,NO,,0,0,0,42.54,Do Nothing
2025-01-22,EcoFit Smart Bottle,1941,0,217.37,218,218,1723,1723,4,947.51,147,775,NO,NO,,0,0,0,37.76,Do Nothing
2025-01-23,EcoFit Smart Bottle,1723,0,216.56,217,217,1506,4274,4,942.11,147,3331,YES,NO,PO-20250123-003,2768,0,0,33.01,Create Purchase Order
2025-01-24,EcoFit Smart Bottle,1506,0,219.38,220,220,1286,4054,4,930.31,147,3123,NO,YES,,0,0,0,28.19,Do Nothing
2025-01-25,EcoFit Smart Bottle,1286,0,274.04,275,275,1011,3779,4,871.2,147,2907,NO,YES,,0,0,0,22.16,Do Nothing
2025-01-26,EcoFit Smart Bottle,1011,0,237.53,238,238,773,3541,4,849.64,147,2691,NO,YES,,0,0,0,16.94,Do Nothing
2025-01-27,EcoFit Smart Bottle,773,2768,211.15,212,212,3329,3329,4,858.6,147,2470,NO,NO,,0,0,0,72.96,Do Nothing
2025-01-28,EcoFit Smart Bottle,3329,0,207.58,208,208,3121,3121,4,892.36,147,2228,NO,NO,,0,0,0,68.4,Do Nothing
2025-01-29,EcoFit Smart Bottle,3121,0,214.93,215,215,2906,2906,4,947.95,147,1958,NO,NO,,0,0,0,63.69,Do Nothing
2025-01-30,EcoFit Smart Bottle,2906,0,215.97,216,216,2690,2690,4,974.6,147,1715,NO,NO,,0,0,0,58.96,Do Nothing
2025-01-31,EcoFit Smart Bottle,2690,0,220.12,221,221,2469,2469,4,959.46,147,1509,NO,NO,,0,0,0,54.11,Do Nothing
2025-02-01,EcoFit Smart Bottle,2469,0,241.34,242,242,2227,2227,4,931.44,147,1295,NO,NO,,0,0,0,48.81,Do Nothing
2025-02-02,EcoFit Smart Bottle,2227,0,270.52,271,271,1956,1956,4,877.5,147,1078,NO,NO,,0,0,0,42.87,Do Nothing
2025-02-03,EcoFit Smart Bottle,1956,0,242.61,243,243,1713,1713,4,858.33,147,854,NO,NO,,0,0,0,37.54,Do Nothing
2025-02-04,EcoFit Smart Bottle,1713,0,204.98,205,205,1508,4534,4,900.74,147,3633,YES,NO,PO-20250204-004,3026,0,0,33.05,Create Purchase Order
2025-02-05,EcoFit Smart Bottle,1508,0,213.32,214,214,1294,4320,4,933.07,147,3386,NO,YES,,0,0,0,28.36,Do Nothing
2025-02-06,EcoFit Smart Bottle,1294,0,216.58,217,217,1077,4103,4,936.8,147,3166,NO,YES,,0,0,0,23.61,Do Nothing
2025-02-07,EcoFit Smart Bottle,1077,0,223.45,224,224,853,3879,4,931.9,147,2947,NO,YES,,0,0,0,18.7,Do Nothing
2025-02-08,EcoFit Smart Bottle,853,3026,247.39,248,248,3631,3631,4,912.9,147,2718,NO,NO,,0,0,0,79.58,Do Nothing
2025-02-09,EcoFit Smart Bottle,3631,0,245.66,246,246,3385,3385,4,898.97,147,2486,NO,NO,,0,0,0,74.19,Do Nothing
2025-02-10,EcoFit Smart Bottle,3385,0,220.31,221,221,3164,3164,4,916.16,147,2247,NO,NO,,0,0,0,69.35,Do Nothing
2025-02-11,EcoFit Smart Bottle,3164,0,218.55,219,219,2945,2945,4,957.82,147,1987,NO,NO,,0,0,0,64.55,Do Nothing
2025-02-12,EcoFit Smart Bottle,2945,0,228.39,229,229,2716,2716,4,987.67,147,1728,NO,NO,,0,0,0,59.53,Do Nothing
2025-02-13,EcoFit Smart Bottle,2716,0,231.73,232,232,2484,2484,4,989.98,147,1494,NO,NO,,0,0,0,54.44,Do Nothing
2025-02-14,EcoFit Smart Bottle,2484,0,237.5,238,238,2246,2246,4,986.67,147,1259,NO,NO,,0,0,0,49.23,Do Nothing
2025-02-15,EcoFit Smart Bottle,2246,0,260.21,261,261,1985,1985,4,971.76,147,1013,NO,NO,,0,0,0,43.51,Do Nothing
2025-02-16,EcoFit Smart Bottle,1985,0,258.24,259,259,1726,1726,4,995.33,147,730,NO,NO,,0,0,0,37.83,Do Nothing
2025-02-17,EcoFit Smart Bottle,1726,0,234.04,235,235,1491,4742,4,1046.49,147,3695,YES,NO,PO-20250217-005,3251,0,0,32.68,Create Purchase Order
2025-02-18,EcoFit Smart Bottle,1491,0,234.19,235,235,1256,4507,4,1116.64,147,3390,NO,YES,,0,0,0,27.53,Do Nothing
2025-02-19,EcoFit Smart Bottle,1256,0,245.3,246,246,1010,4261,4,1136.1,147,3124,NO,YES,,0,0,0,22.14,Do Nothing
2025-02-20,EcoFit Smart Bottle,1010,0,281.8,282,282,728,3979,4,1124.83,147,2854,NO,YES,,0,0,0,15.96,Do Nothing
2025-02-21,EcoFit Smart Bottle,728,3251,285.19,286,286,3693,3693,4,1073.49,147,2619,NO,NO,,0,0,0,80.94,Do Nothing
2025-02-22,EcoFit Smart Bottle,3693,0,304.34,305,305,3388,3388,4,1011.72,147,2376,NO,NO,,0,0,0,74.26,Do Nothing
2025-02-23,EcoFit Smart Bottle,3388,0,264.76,265,265,3123,3123,4,991.03,147,2131,NO,NO,,0,0,0,68.45,Do Nothing
2025-02-24,EcoFit Smart Bottle,3123,0,270.53,271,271,2852,2852,4,967.88,147,1884,NO,NO,,0,0,0,62.51,Do Nothing
2025-02-25,EcoFit Smart Bottle,2852,0,233.86,234,234,2618,2618,4,1001.45,147,1616,NO,NO,,0,0,0,57.38,Do Nothing
2025-02-26,EcoFit Smart Bottle,2618,0,242.57,243,243,2375,2375,4,1021.29,147,1353,NO,NO,,0,0,0,52.05,Do Nothing
2025-02-27,EcoFit Smart Bottle,2375,0,244.07,245,245,2130,2130,4,1045.32,147,1084,NO,NO,,0,0,0,46.68,Do Nothing
2025-02-28,EcoFit Smart Bottle,2130,0,247.38,248,248,1882,1882,4,1027.83,147,854,NO,NO,,0,0,0,41.25,Do Nothing
2025-03-01,EcoFit Smart Bottle,1882,0,267.43,268,268,1614,1614,4,996.84,147,617,NO,NO,,0,0,0,35.37,Do Nothing
2025-03-02,EcoFit Smart Bottle,1614,0,262.41,263,263,1351,4774,4,970.74,147,3803,YES,NO,PO-20250302-006,3423,0,0,29.61,Create Purchase Order
2025-03-03,EcoFit Smart Bottle,1351,0,268.09,269,269,1082,4505,4,942.17,147,3562,NO,YES,,0,0,0,23.71,Do Nothing
2025-03-04,EcoFit Smart Bottle,1082,0,229.9,230,230,852,4275,4,1007.24,147,3267,NO,YES,,0,0,0,18.67,Do Nothing
2025-03-05,EcoFit Smart Bottle,852,0,236.44,237,237,615,4038,4,1029.7,147,3008,NO,YES,,0,0,0,13.48,Do Nothing
2025-03-06,EcoFit Smart Bottle,615,3423,236.3,237,237,3801,3801,4,1061.09,147,2739,NO,NO,,0,0,0,83.31,Do Nothing
2025-03-07,EcoFit Smart Bottle,3801,0,239.53,240,240,3561,3561,4,1054.19,147,2506,NO,NO,,0,0,0,78.05,Do Nothing
2025-03-08,EcoFit Smart Bottle,3561,0,294.98,295,295,3266,3266,4,1001.71,147,2264,NO,NO,,0,0,0,71.58,Do Nothing
2025-03-09,EcoFit Smart Bottle,3266,0,258.89,259,259,3007,3007,4,988.53,147,2018,NO,NO,,0,0,0,65.91,Do Nothing
2025-03-10,EcoFit Smart Bottle,3007,0,267.69,268,268,2739,2739,4,972.6,147,1766,NO,NO,,0,0,0,60.03,Do Nothing
2025-03-11,EcoFit Smart Bottle,2739,0,232.63,233,233,2506,2506,4,1048.82,147,1457,NO,NO,,0,0,0,54.93,Do Nothing
2025-03-12,EcoFit Smart Bottle,2506,0,242.5,243,243,2263,2263,4,1079.04,147,1183,NO,NO,,0,0,0,49.6,Do Nothing
2025-03-13,EcoFit Smart Bottle,2263,0,245.71,246,246,2017,2017,4,1113.91,147,903,NO,NO,,0,0,0,44.21,Do Nothing
2025-03-14,EcoFit Smart Bottle,2017,0,251.76,252,252,1765,1765,4,1106.9,147,658,NO,NO,,0,0,0,38.68,Do Nothing
2025-03-15,EcoFit Smart Bottle,1765,0,308.85,309,309,1456,4208,4,1053.1,147,3154,YES,NO,PO-20250315-007,2752,0,0,31.91,Create Purchase Order
2025-03-16,EcoFit Smart Bottle,1456,0,272.71,273,273,1183,3935,4,1040.03,147,2894,NO,YES,,0,0,0,25.93,Do Nothing
2025-03-17,EcoFit Smart Bottle,1183,0,280.58,281,281,902,3654,4,1060.24,147,2593,NO,YES,,0,0,0,19.77,Do Nothing
2025-03-18,EcoFit Smart Bottle,902,0,244.76,245,245,657,3409,4,1105.48,147,2303,NO,YES,,0,0,0,14.4,Do Nothing
2025-03-19,EcoFit Smart Bottle,657,2752,255.05,256,256,3153,3153,4,1135.83,147,2017,NO,NO,,0,0,0,69.11,Do Nothing
2025-03-20,EcoFit Smart Bottle,3153,0,259.64,260,260,2893,2893,4,1131.68,147,1761,NO,NO,,0,0,0,63.41,Do Nothing
2025-03-21,EcoFit Smart Bottle,2893,0,300.79,301,301,2592,2592,4,1079.87,147,1512,NO,NO,,0,0,0,56.81,Do Nothing
2025-03-22,EcoFit Smart Bottle,2592,0,290.0,290,290,2302,2302,4,1044.89,147,1257,NO,NO,,0,0,0,50.45,Do Nothing
2025-03-23,EcoFit Smart Bottle,2302,0,285.4,286,286,2016,2016,4,1015.56,147,1000,NO,NO,,0,0,0,44.19,Do Nothing
2025-03-24,EcoFit Smart Bottle,2016,0,255.5,256,256,1760,1760,4,1020.84,147,739,NO,NO,,0,0,0,38.57,Do Nothing
2025-03-25,EcoFit Smart Bottle,1760,0,248.98,249,249,1511,1514,4,1088.36,147,425,YES,NO,PO-20250325-008,3,0,0,33.12,Create Purchase Order
2025-03-26,EcoFit Smart Bottle,1511,0,255.02,256,256,1255,1258,4,1111.6,147,146,YES,YES,,0,0,0,27.51,Do Nothing - Open PO Available
2025-03-27,EcoFit Smart Bottle,1255,0,256.07,257,257,998,1001,4,1111.6,147,-111,YES,YES,,0,0,0,21.87,Do Nothing - Open PO Available
2025-03-28,EcoFit Smart Bottle,998,0,260.78,261,261,737,740,4,855.53,147,-116,YES,YES,,0,0,0,16.15,Do Nothing - Open PO Available
2025-03-29,EcoFit Smart Bottle,737,3,316.5,317,317,423,1021,4,594.75,147,426,YES,NO,PO-20250329-009,598,0,0,9.27,Create Purchase Order
2025-03-30,EcoFit Smart Bottle,423,0,278.25,279,279,144,742,4,278.25,147,463,YES,YES,,0,0,0,3.16,Do Nothing - Open PO Available
