Date,Product,DayOfWeek,UnitsSold,UnitPrice,Revenue,MarketingSpend,CompetitorPriceIndex,WebSearchInterest,IsPromo,IsHoliday
2023-01-01,EcoFit Smart Bottle,Sunday,213.0,250.0,53250.0,3498.16,99.9,39.6,0,1
2023-01-02,EcoFit Smart Bottle,Monday,164.0,250.0,41000.0,5802.86,99.1,55.4,0,0
2023-01-03,EcoFit Smart Bottle,Tuesday,167.0,250.0,41750.0,4927.98,99.5,54.9,0,0
2023-01-04,EcoFit Smart Bottle,Wednesday,164.0,250.0,41000.0,4394.63,100.5,45.7,0,0
2023-01-05,EcoFit Smart Bottle,Thursday,173.0,250.0,43250.0,2624.07,100.3,43.4,0,0
2023-01-06,EcoFit Smart Bottle,Friday,166.0,250.0,41500.0,2623.98,101.6,47.6,0,0
2023-01-07,EcoFit Smart Bottle,Saturday,170.0,250.0,42500.0,2232.33,100.7,40.2,0,0
2023-01-08,EcoFit Smart Bottle,Sunday,175.0,250.0,43750.0,5464.7,101.3,46.4,0,0
2023-01-09,EcoFit Smart Bottle,Monday,159.0,250.0,39750.0,4404.46,102.3,56.9,0,0
2023-01-10,EcoFit Smart Bottle,Tuesday,155.0,250.0,38750.0,14588.8,102.2,71.8,0,0
2023-01-11,EcoFit Smart Bottle,Wednesday,204.0,250.0,51000.0,2082.34,102.1,43.5,0,0
2023-01-12,EcoFit Smart Bottle,Thursday,168.0,250.0,42000.0,5879.64,102.7,45.6,0,0
2023-01-13,EcoFit Smart Bottle,Friday,173.0,250.0,43250.0,5329.77,103.0,57.3,0,0
2023-01-14,EcoFit Smart Bottle,Saturday,204.0,250.0,51000.0,2849.36,101.8,44.8,0,0
2023-01-15,EcoFit Smart Bottle,Sunday,152.0,250.0,38000.0,2727.3,101.3,57.4,0,0
2023-01-16,EcoFit Smart Bottle,Monday,152.0,250.0,38000.0,2733.62,101.3,52.5,0,0
2023-01-17,EcoFit Smart Bottle,Tuesday,147.0,250.0,36750.0,3216.97,100.4,45.3,0,0
2023-01-18,EcoFit Smart Bottle,Wednesday,161.0,250.0,40250.0,4099.03,100.2,47.7,0,0
2023-01-19,EcoFit Smart Bottle,Thursday,163.0,250.0,40750.0,3727.78,99.4,59.3,0,0
2023-01-20,EcoFit Smart Bottle,Friday,177.0,250.0,44250.0,3164.92,99.1,49.2,0,0
2023-01-21,EcoFit Smart Bottle,Saturday,191.0,250.0,47750.0,4447.41,98.9,49.8,0,0
2023-01-22,EcoFit Smart Bottle,Sunday,175.0,250.0,43750.0,2557.98,99.1,48.9,0,0
2023-01-23,EcoFit Smart Bottle,Monday,159.0,250.0,39750.0,3168.58,99.1,47.5,0,0
2023-01-24,EcoFit Smart Bottle,Tuesday,158.0,250.0,39500.0,3465.45,99.4,52.0,0,0
2023-01-25,EcoFit Smart Bottle,Wednesday,169.0,250.0,42250.0,3824.28,99.6,51.3,0,0
2023-01-26,EcoFit Smart Bottle,Thursday,197.0,250.0,49250.0,5140.7,100.2,58.9,0,1
2023-01-27,EcoFit Smart Bottle,Friday,202.0,250.0,50500.0,2798.7,100.8,48.0,0,0
2023-01-28,EcoFit Smart Bottle,Saturday,181.0,250.0,45250.0,4056.94,101.2,48.2,0,0
2023-01-29,EcoFit Smart Bottle,Sunday,205.0,250.0,51250.0,4369.66,103.1,51.7,0,0
2023-01-30,EcoFit Smart Bottle,Monday,216.0,250.0,54000.0,7423.45,103.3,57.9,1,0
2023-01-31,EcoFit Smart Bottle,Tuesday,194.0,250.0,48500.0,4430.18,104.9,53.4,0,0
2023-02-01,EcoFit Smart Bottle,Wednesday,181.0,250.0,45250.0,2682.1,105.1,53.7,0,0
2023-02-02,EcoFit Smart Bottle,Thursday,231.0,250.0,57750.0,2260.21,105.1,52.7,1,0
2023-02-03,EcoFit Smart Bottle,Friday,177.0,250.0,44250.0,5795.54,104.8,63.0,0,0
2023-02-04,EcoFit Smart Bottle,Saturday,236.0,250.0,59000.0,5862.53,105.7,53.3,1,0
2023-02-05,EcoFit Smart Bottle,Sunday,227.0,250.0,56750.0,5233.59,106.7,58.2,0,0
2023-02-06,EcoFit Smart Bottle,Monday,188.0,250.0,47000.0,3218.46,107.1,56.0,0,0
2023-02-07,EcoFit Smart Bottle,Tuesday,179.0,250.0,44750.0,2390.69,107.8,47.5,0,0
2023-02-08,EcoFit Smart Bottle,Wednesday,183.0,250.0,45750.0,4736.93,107.0,54.7,0,0
2023-02-09,EcoFit Smart Bottle,Thursday,177.0,250.0,44250.0,3760.61,106.1,45.2,0,0
2023-02-10,EcoFit Smart Bottle,Friday,200.0,250.0,50000.0,2488.15,106.8,56.1,0,0
2023-02-11,EcoFit Smart Bottle,Saturday,194.0,250.0,48500.0,3980.71,106.7,53.7,0,0
2023-02-12,EcoFit Smart Bottle,Sunday,207.0,250.0,51750.0,6376.63,107.2,63.8,0,0
2023-02-13,EcoFit Smart Bottle,Monday,199.0,250.0,49750.0,5637.28,106.8,59.4,0,0
2023-02-14,EcoFit Smart Bottle,Tuesday,184.0,250.0,46000.0,3035.12,107.7,52.5,0,0
2023-02-15,EcoFit Smart Bottle,Wednesday,177.0,250.0,44250.0,4650.09,106.8,48.8,0,0
2023-02-16,EcoFit Smart Bottle,Thursday,227.0,250.0,56750.0,3246.84,106.0,47.1,1,0
2023-02-17,EcoFit Smart Bottle,Friday,201.0,250.0,50250.0,4080.27,106.9,43.0,0,0
2023-02-18,EcoFit Smart Bottle,Saturday,212.0,250.0,53000.0,4186.84,105.3,53.6,0,0
2023-02-19,EcoFit Smart Bottle,Sunday,208.0,250.0,52000.0,2739.42,105.5,65.1,0,0
2023-02-20,EcoFit Smart Bottle,Monday,182.0,250.0,45500.0,5878.34,105.5,53.7,0,0
2023-02-21,EcoFit Smart Bottle,Tuesday,212.0,250.0,53000.0,5100.53,105.0,45.6,0,0
2023-02-22,EcoFit Smart Bottle,Wednesday,193.0,250.0,48250.0,5758.0,104.9,65.1,0,0
2023-02-23,EcoFit Smart Bottle,Thursday,199.0,250.0,49750.0,5579.31,104.4,71.9,0,0
2023-02-24,EcoFit Smart Bottle,Friday,226.0,250.0,56500.0,4391.6,105.3,59.4,0,0
2023-02-25,EcoFit Smart Bottle,Saturday,225.0,250.0,56250.0,5687.5,106.4,62.1,0,0
2023-02-26,EcoFit Smart Bottle,Sunday,239.0,250.0,59750.0,2353.97,106.0,52.6,0,0
2023-02-27,EcoFit Smart Bottle,Monday,179.0,250.0,44750.0,2783.93,106.1,46.2,0,0
2023-02-28,EcoFit Smart Bottle,Tuesday,197.0,250.0,49250.0,2180.91,105.4,46.9,0,0
2023-03-01,EcoFit Smart Bottle,Wednesday,177.0,250.0,44250.0,3301.32,106.0,55.0,0,0
2023-03-02,EcoFit Smart Bottle,Thursday,189.0,250.0,47250.0,3554.71,106.6,54.7,0,0
2023-03-03,EcoFit Smart Bottle,Friday,192.0,250.0,48000.0,3085.4,106.4,56.0,0,0
2023-03-04,EcoFit Smart Bottle,Saturday,217.0,250.0,54250.0,5314.95,106.5,65.3,0,0
2023-03-05,EcoFit Smart Bottle,Sunday,219.0,250.0,54750.0,3427.01,106.4,54.7,0,0
2023-03-06,EcoFit Smart Bottle,Monday,198.0,250.0,49500.0,3123.74,105.4,61.4,0,0
2023-03-07,EcoFit Smart Bottle,Tuesday,224.0,250.0,56000.0,4170.78,106.4,56.5,1,0
2023-03-08,EcoFit Smart Bottle,Wednesday,211.0,250.0,52750.0,2563.7,105.9,61.6,0,0
2023-03-09,EcoFit Smart Bottle,Thursday,197.0,250.0,49250.0,5208.79,105.4,62.3,0,0
2023-03-10,EcoFit Smart Bottle,Friday,225.0,250.0,56250.0,2298.2,105.4,54.0,0,0
2023-03-11,EcoFit Smart Bottle,Saturday,215.0,250.0,53750.0,5947.55,105.9,64.0,0,0
2023-03-12,EcoFit Smart Bottle,Sunday,226.0,250.0,56500.0,19459.24,105.6,89.4,0,0
2023-03-13,EcoFit Smart Bottle,Monday,273.0,250.0,68250.0,2794.86,104.4,58.3,0,0
2023-03-14,EcoFit Smart Bottle,Tuesday,205.0,250.0,51250.0,2022.09,103.9,60.2,0,0
2023-03-15,EcoFit Smart Bottle,Wednesday,207.0,250.0,51750.0,5261.85,104.1,62.6,0,0
2023-03-16,EcoFit Smart Bottle,Thursday,214.0,250.0,53500.0,4827.43,105.5,60.5,0,0
2023-03-17,EcoFit Smart Bottle,Friday,226.0,250.0,56500.0,4916.03,104.7,57.1,0,0
2023-03-18,EcoFit Smart Bottle,Saturday,249.0,250.0,62250.0,5085.08,103.9,66.1,0,0
2023-03-19,EcoFit Smart Bottle,Sunday,245.0,250.0,61250.0,2296.18,103.0,59.5,0,0
2023-03-20,EcoFit Smart Bottle,Monday,204.0,250.0,51000.0,3433.86,102.0,54.3,0,0
2023-03-21,EcoFit Smart Bottle,Tuesday,201.0,250.0,50250.0,2463.48,102.8,62.6,0,0
2023-03-22,EcoFit Smart Bottle,Wednesday,198.0,250.0,49500.0,5452.41,103.7,58.6,0,0
2023-03-23,EcoFit Smart Bottle,Thursday,224.0,250.0,56000.0,4493.19,103.8,68.0,0,0
2023-03-24,EcoFit Smart Bottle,Friday,233.0,250.0,58250.0,3323.59,103.5,64.1,0,0
2023-03-25,EcoFit Smart Bottle,Saturday,241.0,250.0,60250.0,2254.23,104.6,60.8,0,0
2023-03-26,EcoFit Smart Bottle,Sunday,233.0,250.0,58250.0,3243.93,104.7,59.0,0,0
2023-03-27,EcoFit Smart Bottle,Monday,226.0,250.0,56500.0,3300.73,105.3,64.0,0,0
2023-03-28,EcoFit Smart Bottle,Tuesday,211.0,250.0,52750.0,4918.42,105.0,69.9,0,0
2023-03-29,EcoFit Smart Bottle,Wednesday,224.0,250.0,56000.0,4550.23,105.0,66.9,0,0
2023-03-30,EcoFit Smart Bottle,Thursday,214.0,250.0,53500.0,5548.85,104.3,62.8,0,0
2023-03-31,EcoFit Smart Bottle,Friday,218.0,250.0,54500.0,3888.86,104.7,64.3,0,0
2023-04-01,EcoFit Smart Bottle,Saturday,248.0,250.0,62000.0,2478.38,104.8,66.0,0,0
2023-04-02,EcoFit Smart Bottle,Sunday,233.0,250.0,58250.0,4852.98,104.2,76.2,0,0
2023-04-03,EcoFit Smart Bottle,Monday,223.0,250.0,55750.0,5043.14,103.7,64.7,0,0
2023-04-04,EcoFit Smart Bottle,Tuesday,231.0,250.0,57750.0,4245.11,104.7,68.6,0,0
2023-04-05,EcoFit Smart Bottle,Wednesday,222.0,250.0,55500.0,5083.87,105.9,71.8,0,0
2023-04-06,EcoFit Smart Bottle,Thursday,241.0,250.0,60250.0,3975.18,105.7,60.0,0,0
2023-04-07,EcoFit Smart Bottle,Friday,240.0,250.0,60000.0,4090.93,105.8,73.3,0,0
2023-04-08,EcoFit Smart Bottle,Saturday,243.0,250.0,60750.0,3710.16,106.0,58.5,0,0
2023-04-09,EcoFit Smart Bottle,Sunday,257.0,250.0,64250.0,2101.68,106.1,64.8,0,0
2023-04-10,EcoFit Smart Bottle,Monday,241.0,250.0,60250.0,2431.57,105.1,63.1,1,0
2023-04-11,EcoFit Smart Bottle,Tuesday,209.0,250.0,52250.0,2125.72,105.4,61.3,0,0
2023-04-12,EcoFit Smart Bottle,Wednesday,209.0,250.0,52250.0,4545.64,104.1,78.8,0,0
2023-04-13,EcoFit Smart Bottle,Thursday,224.0,250.0,56000.0,3257.42,103.7,62.1,0,0
2023-04-14,EcoFit Smart Bottle,Friday,242.0,250.0,60500.0,4034.28,104.0,63.7,0,0
2023-04-15,EcoFit Smart Bottle,Saturday,290.0,250.0,72500.0,5630.27,104.3,75.3,1,0
2023-04-16,EcoFit Smart Bottle,Sunday,260.0,250.0,65000.0,2997.17,103.8,67.3,0,0
2023-04-17,EcoFit Smart Bottle,Monday,227.0,250.0,56750.0,3641.53,103.6,71.3,0,0
2023-04-18,EcoFit Smart Bottle,Tuesday,210.0,250.0,52500.0,5022.2,103.2,68.4,0,0
2023-04-19,EcoFit Smart Bottle,Wednesday,232.0,250.0,58000.0,2915.19,103.2,65.3,0,0
2023-04-20,EcoFit Smart Bottle,Thursday,233.0,250.0,58250.0,2307.92,103.1,72.1,0,0
2023-04-21,EcoFit Smart Bottle,Friday,230.0,250.0,57500.0,3159.01,103.5,60.2,0,0
2023-04-22,EcoFit Smart Bottle,Saturday,254.0,250.0,63500.0,9271.85,103.2,76.2,0,0
2023-04-23,EcoFit Smart Bottle,Sunday,279.0,250.0,69750.0,5718.79,103.5,73.7,0,0
2023-04-24,EcoFit Smart Bottle,Monday,241.0,250.0,60250.0,5232.48,103.8,67.9,0,0
2023-04-25,EcoFit Smart Bottle,Tuesday,226.0,250.0,56500.0,4533.62,103.9,64.7,0,0
2023-04-26,EcoFit Smart Bottle,Wednesday,234.0,250.0,58500.0,20164.58,103.7,100.0,0,0
2023-04-27,EcoFit Smart Bottle,Thursday,280.0,250.0,70000.0,5214.69,103.8,75.8,0,0
2023-04-28,EcoFit Smart Bottle,Friday,260.0,250.0,65000.0,2746.28,104.3,63.6,0,0
2023-04-29,EcoFit Smart Bottle,Saturday,257.0,250.0,64250.0,5570.24,104.8,69.2,0,0
2023-04-30,EcoFit Smart Bottle,Sunday,267.0,250.0,66750.0,4157.37,105.9,64.1,0,0
2023-05-01,EcoFit Smart Bottle,Monday,239.0,250.0,59750.0,5229.76,105.3,68.1,0,0
2023-05-02,EcoFit Smart Bottle,Tuesday,239.0,250.0,59750.0,5584.37,105.0,75.8,0,0
2023-05-03,EcoFit Smart Bottle,Wednesday,257.0,250.0,64250.0,3272.01,104.0,66.2,0,0
2023-05-04,EcoFit Smart Bottle,Thursday,236.0,250.0,59000.0,2440.21,104.6,60.2,0,0
2023-05-05,EcoFit Smart Bottle,Friday,241.0,250.0,60250.0,2911.74,104.4,66.6,0,0
2023-05-06,EcoFit Smart Bottle,Saturday,250.0,250.0,62500.0,12347.23,104.5,89.5,0,0
2023-05-07,EcoFit Smart Bottle,Sunday,282.0,250.0,70500.0,5272.06,104.2,67.3,0,0
2023-05-08,EcoFit Smart Bottle,Monday,251.0,250.0,62750.0,5442.92,104.0,63.9,0,0
2023-05-09,EcoFit Smart Bottle,Tuesday,238.0,250.0,59500.0,2027.81,104.7,74.7,0,0
2023-05-10,EcoFit Smart Bottle,Wednesday,227.0,250.0,56750.0,4042.99,105.1,61.0,0,0
2023-05-11,EcoFit Smart Bottle,Thursday,263.0,250.0,65750.0,3669.64,105.1,65.4,0,0
2023-05-12,EcoFit Smart Bottle,Friday,240.0,250.0,60000.0,2888.43,105.5,66.9,0,0
2023-05-13,EcoFit Smart Bottle,Saturday,256.0,250.0,64000.0,2479.46,106.0,63.6,0,0
2023-05-14,EcoFit Smart Bottle,Sunday,252.0,250.0,63000.0,3350.46,105.8,66.4,0,0
2023-05-15,EcoFit Smart Bottle,Monday,239.0,250.0,59750.0,5771.64,104.9,74.5,0,0
2023-05-16,EcoFit Smart Bottle,Tuesday,246.0,250.0,61500.0,9999.29,104.3,68.2,0,0
2023-05-17,EcoFit Smart Bottle,Wednesday,275.0,250.0,68750.0,4075.16,103.5,62.0,0,0
2023-05-18,EcoFit Smart Bottle,Thursday,223.0,250.0,55750.0,4812.08,104.2,70.1,0,0
2023-05-19,EcoFit Smart Bottle,Friday,234.0,250.0,58500.0,3454.52,105.0,65.2,0,0
2023-05-20,EcoFit Smart Bottle,Saturday,262.0,250.0,65500.0,5887.13,106.0,72.7,0,0
2023-05-21,EcoFit Smart Bottle,Sunday,279.0,250.0,69750.0,5849.79,104.8,73.2,0,0
2023-05-22,EcoFit Smart Bottle,Monday,241.0,250.0,60250.0,3007.13,105.4,55.8,0,0
2023-05-23,EcoFit Smart Bottle,Tuesday,212.0,250.0,53000.0,3988.99,106.7,74.7,0,0
2023-05-24,EcoFit Smart Bottle,Wednesday,240.0,250.0,60000.0,3203.51,107.4,64.3,0,0
2023-05-25,EcoFit Smart Bottle,Thursday,245.0,250.0,61250.0,3139.36,106.1,62.4,0,0
2023-05-26,EcoFit Smart Bottle,Friday,239.0,250.0,59750.0,2147.55,107.2,65.8,0,0
2023-05-27,EcoFit Smart Bottle,Saturday,248.0,250.0,62000.0,4438.26,107.2,69.9,0,0
2023-05-28,EcoFit Smart Bottle,Sunday,258.0,250.0,64500.0,4010.72,107.1,74.5,0,0
2023-05-29,EcoFit Smart Bottle,Monday,246.0,250.0,61500.0,2205.92,107.3,66.3,0,0
2023-05-30,EcoFit Smart Bottle,Tuesday,227.0,250.0,56750.0,3114.59,106.7,72.5,0,0
2023-05-31,EcoFit Smart Bottle,Wednesday,240.0,250.0,60000.0,5633.06,106.7,67.1,0,0
2023-06-01,EcoFit Smart Bottle,Thursday,232.0,250.0,58000.0,2958.25,107.7,67.1,0,0
2023-06-02,EcoFit Smart Bottle,Friday,242.0,250.0,60500.0,2579.58,108.0,60.1,0,0
2023-06-03,EcoFit Smart Bottle,Saturday,253.0,250.0,63250.0,3957.81,108.1,68.9,0,0
2023-06-04,EcoFit Smart Bottle,Sunday,259.0,250.0,64750.0,5942.6,108.1,71.8,0,0
2023-06-05,EcoFit Smart Bottle,Monday,250.0,250.0,62500.0,2968.22,107.4,65.6,0,0
2023-06-06,EcoFit Smart Bottle,Tuesday,243.0,250.0,60750.0,4688.54,107.3,69.1,0,0
2023-06-07,EcoFit Smart Bottle,Wednesday,269.0,250.0,67250.0,5046.48,106.4,74.2,1,0
2023-06-08,EcoFit Smart Bottle,Thursday,286.0,250.0,71500.0,2950.55,107.0,58.3,1,0
2023-06-09,EcoFit Smart Bottle,Friday,256.0,250.0,64000.0,4912.87,105.7,65.7,0,0
2023-06-10,EcoFit Smart Bottle,Saturday,284.0,250.0,71000.0,3471.13,106.2,67.1,0,0
2023-06-11,EcoFit Smart Bottle,Sunday,257.0,250.0,64250.0,4529.22,106.8,63.5,0,0
2023-06-12,EcoFit Smart Bottle,Monday,249.0,250.0,62250.0,4534.12,107.6,69.6,0,0
2023-06-13,EcoFit Smart Bottle,Tuesday,226.0,250.0,56500.0,4143.1,107.6,68.3,0,0
2023-06-14,EcoFit Smart Bottle,Wednesday,224.0,250.0,56000.0,2361.16,108.2,57.9,0,0
2023-06-15,EcoFit Smart Bottle,Thursday,242.0,250.0,60500.0,5341.21,108.1,63.6,0,0
2023-06-16,EcoFit Smart Bottle,Friday,255.0,250.0,63750.0,8819.54,107.3,64.6,0,0
2023-06-17,EcoFit Smart Bottle,Saturday,296.0,250.0,74000.0,2746.07,108.3,59.5,0,0
2023-06-18,EcoFit Smart Bottle,Sunday,277.0,250.0,69250.0,2163.1,108.2,64.4,1,0
2023-06-19,EcoFit Smart Bottle,Monday,233.0,250.0,58250.0,4363.57,107.4,69.5,0,0
2023-06-20,EcoFit Smart Bottle,Tuesday,254.0,250.0,63500.0,4710.26,107.1,70.3,0,0
2023-06-21,EcoFit Smart Bottle,Wednesday,248.0,250.0,62000.0,2066.35,106.8,60.1,0,0
2023-06-22,EcoFit Smart Bottle,Thursday,235.0,250.0,58750.0,4048.37,107.1,67.8,0,0
2023-06-23,EcoFit Smart Bottle,Friday,272.0,250.0,68000.0,2905.98,108.5,67.5,1,0
2023-06-24,EcoFit Smart Bottle,Saturday,250.0,250.0,62500.0,4580.69,108.8,62.5,0,0
2023-06-25,EcoFit Smart Bottle,Sunday,277.0,250.0,69250.0,2697.47,108.9,65.6,0,0
2023-06-26,EcoFit Smart Bottle,Monday,229.0,250.0,57250.0,4763.75,110.4,72.3,0,0
2023-06-27,EcoFit Smart Bottle,Tuesday,245.0,250.0,61250.0,3546.94,111.0,64.0,0,0
2023-06-28,EcoFit Smart Bottle,Wednesday,228.0,250.0,57000.0,5746.92,111.2,76.1,0,0
2023-06-29,EcoFit Smart Bottle,Thursday,240.0,250.0,60000.0,2550.08,110.9,62.0,0,0
2023-06-30,EcoFit Smart Bottle,Friday,261.0,260.0,67860.0,3364.27,111.1,61.6,0,0
2023-07-01,EcoFit Smart Bottle,Saturday,259.0,260.0,67340.0,2453.89,111.0,66.8,0,0
2023-07-02,EcoFit Smart Bottle,Sunday,262.0,260.0,68120.0,5698.77,111.1,80.5,0,0
2023-07-03,EcoFit Smart Bottle,Monday,249.0,260.0,64740.0,5509.36,111.9,70.3,0,0
2023-07-04,EcoFit Smart Bottle,Tuesday,236.0,260.0,61360.0,3031.77,111.5,68.0,0,0
2023-07-05,EcoFit Smart Bottle,Wednesday,242.0,260.0,62920.0,4639.94,111.9,65.4,0,0
2023-07-06,EcoFit Smart Bottle,Thursday,240.0,260.0,62400.0,5268.89,112.4,62.9,0,0
2023-07-07,EcoFit Smart Bottle,Friday,262.0,260.0,68120.0,4220.8,112.0,67.7,0,0
2023-07-08,EcoFit Smart Bottle,Saturday,265.0,260.0,68900.0,16149.15,111.5,92.3,0,0
2023-07-09,EcoFit Smart Bottle,Sunday,289.0,260.0,75140.0,2967.41,111.4,62.4,0,0
2023-07-10,EcoFit Smart Bottle,Monday,248.0,260.0,64480.0,2372.41,111.2,66.0,0,0
2023-07-11,EcoFit Smart Bottle,Tuesday,241.0,260.0,62660.0,5588.86,111.9,65.9,0,0
2023-07-12,EcoFit Smart Bottle,Wednesday,247.0,260.0,64220.0,5601.67,111.3,64.6,0,0
2023-07-13,EcoFit Smart Bottle,Thursday,245.0,260.0,63700.0,4532.41,111.3,72.2,0,0
2023-07-14,EcoFit Smart Bottle,Friday,259.0,260.0,67340.0,3356.12,112.8,69.7,0,0
2023-07-15,EcoFit Smart Bottle,Saturday,265.0,260.0,68900.0,3396.84,113.1,61.2,0,0
2023-07-16,EcoFit Smart Bottle,Sunday,258.0,260.0,67080.0,4903.82,113.4,75.8,0,0
2023-07-17,EcoFit Smart Bottle,Monday,231.0,260.0,60060.0,5588.44,114.1,67.0,0,0
2023-07-18,EcoFit Smart Bottle,Tuesday,247.0,260.0,64220.0,5548.35,113.8,68.7,0,0
2023-07-19,EcoFit Smart Bottle,Wednesday,250.0,260.0,65000.0,5119.5,113.2,66.8,0,0
2023-07-20,EcoFit Smart Bottle,Thursday,236.0,260.0,61360.0,4568.13,113.3,68.6,0,0
2023-07-21,EcoFit Smart Bottle,Friday,261.0,260.0,67860.0,2336.56,113.5,62.8,0,0
2023-07-22,EcoFit Smart Bottle,Saturday,251.0,260.0,65260.0,2646.51,112.5,63.2,0,0
2023-07-23,EcoFit Smart Bottle,Sunday,239.0,260.0,62140.0,5594.22,112.7,62.6,0,0
2023-07-24,EcoFit Smart Bottle,Monday,249.0,260.0,64740.0,4425.72,113.3,56.7,0,0
2023-07-25,EcoFit Smart Bottle,Tuesday,227.0,260.0,59020.0,2036.79,112.8,66.0,0,0
2023-07-26,EcoFit Smart Bottle,Wednesday,221.0,260.0,57460.0,2405.89,113.1,58.1,0,0
2023-07-27,EcoFit Smart Bottle,Thursday,222.0,260.0,57720.0,4654.01,113.6,64.9,0,0
2023-07-28,EcoFit Smart Bottle,Friday,242.0,260.0,62920.0,2020.25,113.9,61.4,0,0
2023-07-29,EcoFit Smart Bottle,Saturday,250.0,260.0,65000.0,2643.23,114.4,69.0,0,0
2023-07-30,EcoFit Smart Bottle,Sunday,245.0,260.0,63700.0,4194.94,114.2,64.6,0,0
2023-07-31,EcoFit Smart Bottle,Monday,0.0,260.0,0.0,4767.58,113.5,62.8,0,0
2023-08-01,EcoFit Smart Bottle,Tuesday,220.0,260.0,57200.0,4607.85,113.3,61.7,0,0
2023-08-02,EcoFit Smart Bottle,Wednesday,236.0,260.0,61360.0,9960.03,112.9,74.7,0,0
2023-08-03,EcoFit Smart Bottle,Thursday,250.0,260.0,65000.0,4848.72,112.9,59.9,0,0
2023-08-04,EcoFit Smart Bottle,Friday,244.0,260.0,63440.0,2949.0,113.5,60.7,0,0
2023-08-05,EcoFit Smart Bottle,Saturday,234.0,260.0,60840.0,3301.6,112.7,60.8,0,0
2023-08-06,EcoFit Smart Bottle,Sunday,234.0,260.0,60840.0,4985.97,112.8,72.5,0,0
2023-08-07,EcoFit Smart Bottle,Monday,214.0,260.0,55640.0,4598.53,112.2,62.9,0,0
2023-08-08,EcoFit Smart Bottle,Tuesday,227.0,260.0,59020.0,5396.89,111.7,55.1,0,0
2023-08-09,EcoFit Smart Bottle,Wednesday,224.0,260.0,58240.0,4630.45,112.1,76.4,0,0
2023-08-10,EcoFit Smart Bottle,Thursday,216.0,260.0,56160.0,4273.23,111.4,67.0,0,0
2023-08-11,EcoFit Smart Bottle,Friday,242.0,260.0,62920.0,2374.7,111.8,68.6,0,0
2023-08-12,EcoFit Smart Bottle,Saturday,244.0,260.0,63440.0,3470.86,111.0,54.4,0,0
2023-08-13,EcoFit Smart Bottle,Sunday,260.0,260.0,67600.0,3060.81,111.4,58.1,0,0
2023-08-14,EcoFit Smart Bottle,Monday,230.0,260.0,59800.0,2975.96,110.5,62.3,1,0
2023-08-15,EcoFit Smart Bottle,Tuesday,248.0,260.0,64480.0,5892.04,110.1,67.2,0,1
2023-08-16,EcoFit Smart Bottle,Wednesday,234.0,260.0,60840.0,3572.39,111.2,61.3,0,0
2023-08-17,EcoFit Smart Bottle,Thursday,215.0,260.0,55900.0,5568.19,112.3,52.6,0,0
2023-08-18,EcoFit Smart Bottle,Friday,238.0,260.0,61880.0,4524.55,112.0,52.7,0,0
2023-08-19,EcoFit Smart Bottle,Saturday,239.0,260.0,62140.0,5179.25,112.2,70.0,0,0
2023-08-20,EcoFit Smart Bottle,Sunday,242.0,260.0,62920.0,4010.55,113.0,68.4,0,0
2023-08-21,EcoFit Smart Bottle,Monday,235.0,260.0,61100.0,16076.72,113.4,83.3,0,0
2023-08-22,EcoFit Smart Bottle,Tuesday,262.0,260.0,68120.0,3970.07,113.2,66.4,0,0
2023-08-23,EcoFit Smart Bottle,Wednesday,229.0,260.0,59540.0,2780.97,112.8,51.8,0,0
2023-08-24,EcoFit Smart Bottle,Thursday,209.0,260.0,54340.0,4889.81,113.3,57.0,0,0
2023-08-25,EcoFit Smart Bottle,Friday,214.0,260.0,55640.0,3123.09,114.0,51.7,0,0
2023-08-26,EcoFit Smart Bottle,Saturday,233.0,260.0,60580.0,5502.72,115.0,57.6,0,0
2023-08-27,EcoFit Smart Bottle,Sunday,247.0,260.0,64220.0,4581.89,114.0,63.4,0,0
2023-08-28,EcoFit Smart Bottle,Monday,203.0,260.0,52780.0,2708.44,113.2,51.6,0,0
2023-08-29,EcoFit Smart Bottle,Tuesday,195.0,260.0,50700.0,5761.83,113.9,73.0,0,0
2023-08-30,EcoFit Smart Bottle,Wednesday,215.0,260.0,55900.0,5815.71,113.0,64.0,0,0
2023-08-31,EcoFit Smart Bottle,Thursday,219.0,260.0,56940.0,5659.46,113.7,66.7,0,0
2023-09-01,EcoFit Smart Bottle,Friday,246.0,260.0,63960.0,3480.63,113.6,59.1,1,0
2023-09-02,EcoFit Smart Bottle,Saturday,234.0,260.0,60840.0,2061.83,113.3,59.7,0,0
2023-09-03,EcoFit Smart Bottle,Sunday,208.0,260.0,54080.0,5713.27,113.4,56.5,0,0
2023-09-04,EcoFit Smart Bottle,Monday,210.0,260.0,54600.0,3712.74,112.6,63.8,0,0
2023-09-05,EcoFit Smart Bottle,Tuesday,207.0,260.0,53820.0,5866.62,113.1,61.4,0,0
2023-09-06,EcoFit Smart Bottle,Wednesday,206.0,260.0,53560.0,20051.05,114.1,95.0,0,0
2023-09-07,EcoFit Smart Bottle,Thursday,247.0,260.0,64220.0,5412.04,114.6,52.3,0,0
2023-09-08,EcoFit Smart Bottle,Friday,237.0,260.0,61620.0,3177.8,114.5,55.7,0,0
2023-09-09,EcoFit Smart Bottle,Saturday,230.0,260.0,59800.0,3540.39,113.6,56.1,0,0
2023-09-10,EcoFit Smart Bottle,Sunday,221.0,260.0,57460.0,5404.55,112.7,55.8,0,0
2023-09-11,EcoFit Smart Bottle,Monday,207.0,260.0,53820.0,3267.69,111.9,56.0,0,0
2023-09-12,EcoFit Smart Bottle,Tuesday,195.0,260.0,50700.0,2677.97,111.9,60.8,0,0
2023-09-13,EcoFit Smart Bottle,Wednesday,178.0,260.0,46280.0,4227.21,111.9,52.6,0,0
2023-09-14,EcoFit Smart Bottle,Thursday,210.0,260.0,54600.0,5744.62,112.4,63.7,0,0
2023-09-15,EcoFit Smart Bottle,Friday,221.0,260.0,57460.0,4784.12,111.4,51.2,0,0
2023-09-16,EcoFit Smart Bottle,Saturday,231.0,260.0,60060.0,4280.24,112.2,66.2,0,0
2023-09-17,EcoFit Smart Bottle,Sunday,228.0,260.0,59280.0,2388.71,112.6,55.6,0,0
2023-09-18,EcoFit Smart Bottle,Monday,187.0,260.0,48620.0,4460.03,112.4,64.3,0,0
2023-09-19,EcoFit Smart Bottle,Tuesday,237.0,260.0,61620.0,5960.22,111.7,61.8,1,0
2023-09-20,EcoFit Smart Bottle,Wednesday,210.0,260.0,54600.0,2560.34,112.4,53.4,0,0
2023-09-21,EcoFit Smart Bottle,Thursday,191.0,260.0,49660.0,4073.32,112.2,58.3,0,0
2023-09-22,EcoFit Smart Bottle,Friday,207.0,260.0,53820.0,5509.49,112.2,56.4,0,0
2023-09-23,EcoFit Smart Bottle,Saturday,230.0,260.0,59800.0,4963.07,112.5,47.7,0,0
2023-09-24,EcoFit Smart Bottle,Sunday,232.0,260.0,60320.0,4788.06,111.9,57.5,0,0
2023-09-25,EcoFit Smart Bottle,Monday,187.0,260.0,48620.0,4809.94,111.7,51.4,0,0
2023-09-26,EcoFit Smart Bottle,Tuesday,190.0,260.0,49400.0,3437.96,112.3,46.7,0,0
2023-09-27,EcoFit Smart Bottle,Wednesday,196.0,260.0,50960.0,3174.37,112.7,54.7,0,0
2023-09-28,EcoFit Smart Bottle,Thursday,182.0,260.0,47320.0,5237.44,113.2,54.1,0,0
2023-09-29,EcoFit Smart Bottle,Friday,241.0,260.0,62660.0,5240.45,112.5,60.5,1,0
2023-09-30,EcoFit Smart Bottle,Saturday,238.0,260.0,61880.0,5468.29,112.3,51.7,0,0
2023-10-01,EcoFit Smart Bottle,Sunday,266.0,260.0,69160.0,5652.96,112.1,53.5,1,0
2023-10-02,EcoFit Smart Bottle,Monday,204.0,260.0,53040.0,4045.37,112.4,58.3,0,0
2023-10-03,EcoFit Smart Bottle,Tuesday,178.0,260.0,46280.0,4006.07,112.6,53.7,0,0
2023-10-04,EcoFit Smart Bottle,Wednesday,197.0,260.0,51220.0,5193.18,112.7,47.1,0,0
2023-10-05,EcoFit Smart Bottle,Thursday,199.0,260.0,51740.0,4599.86,114.1,54.5,0,0
2023-10-06,EcoFit Smart Bottle,Friday,204.0,260.0,53040.0,4807.87,114.0,60.9,0,0
2023-10-07,EcoFit Smart Bottle,Saturday,215.0,260.0,55900.0,5183.17,113.7,51.7,0,0
2023-10-08,EcoFit Smart Bottle,Sunday,206.0,260.0,53560.0,5560.02,113.0,57.6,0,0
2023-10-09,EcoFit Smart Bottle,Monday,199.0,260.0,51740.0,3351.98,112.1,45.9,0,0
2023-10-10,EcoFit Smart Bottle,Tuesday,165.0,260.0,42900.0,3502.33,111.4,49.6,0,0
2023-10-11,EcoFit Smart Bottle,Wednesday,219.0,260.0,56940.0,6197.9,110.9,61.0,1,0
2023-10-12,EcoFit Smart Bottle,Thursday,203.0,260.0,52780.0,4313.12,111.7,52.7,0,0
2023-10-13,EcoFit Smart Bottle,Friday,204.0,260.0,53040.0,2143.77,111.7,53.6,0,0
2023-10-14,EcoFit Smart Bottle,Saturday,216.0,260.0,56160.0,3862.39,111.9,52.6,0,0
2023-10-15,EcoFit Smart Bottle,Sunday,214.0,260.0,55640.0,4170.58,111.8,62.0,0,0
2023-10-16,EcoFit Smart Bottle,Monday,181.0,260.0,47060.0,3146.17,112.0,40.9,0,0
2023-10-17,EcoFit Smart Bottle,Tuesday,181.0,260.0,47060.0,4363.33,112.9,50.0,0,0
2023-10-18,EcoFit Smart Bottle,Wednesday,177.0,260.0,46020.0,2122.0,111.7,41.0,0,0
2023-10-19,EcoFit Smart Bottle,Thursday,160.0,260.0,41600.0,2149.39,112.4,41.3,0,0
2023-10-20,EcoFit Smart Bottle,Friday,193.0,260.0,50180.0,5290.4,110.9,47.5,0,1
2023-10-21,EcoFit Smart Bottle,Saturday,228.0,260.0,59280.0,3440.76,110.9,49.6,0,1
2023-10-22,EcoFit Smart Bottle,Sunday,213.0,260.0,55380.0,2508.24,112.2,47.9,0,1
2023-10-23,EcoFit Smart Bottle,Monday,193.0,260.0,50180.0,4088.97,112.6,52.0,0,1
2023-10-24,EcoFit Smart Bottle,Tuesday,227.0,260.0,59020.0,5079.97,112.9,46.1,1,1
2023-10-25,EcoFit Smart Bottle,Wednesday,172.0,260.0,44720.0,2863.28,114.1,45.5,0,0
2023-10-26,EcoFit Smart Bottle,Thursday,177.0,260.0,46020.0,4491.56,113.6,45.5,0,0
2023-10-27,EcoFit Smart Bottle,Friday,197.0,260.0,51220.0,2341.39,113.9,50.6,0,0
2023-10-28,EcoFit Smart Bottle,Saturday,196.0,260.0,50960.0,2206.73,114.2,41.2,0,0
2023-10-29,EcoFit Smart Bottle,Sunday,188.0,260.0,48880.0,4125.42,113.9,48.2,0,0
2023-10-30,EcoFit Smart Bottle,Monday,182.0,260.0,47320.0,4162.54,113.7,52.1,0,0
2023-10-31,EcoFit Smart Bottle,Tuesday,181.0,260.0,47060.0,11652.43,113.3,61.1,0,0
2023-11-01,EcoFit Smart Bottle,Wednesday,209.0,260.0,54340.0,4904.37,113.4,54.0,0,0
2023-11-02,EcoFit Smart Bottle,Thursday,183.0,260.0,47580.0,5903.41,113.7,60.5,0,0
2023-11-03,EcoFit Smart Bottle,Friday,203.0,260.0,52780.0,4065.2,113.8,49.7,0,0
2023-11-04,EcoFit Smart Bottle,Saturday,220.0,260.0,57200.0,3291.83,114.2,51.6,0,0
2023-11-05,EcoFit Smart Bottle,Sunday,190.0,260.0,49400.0,5180.74,113.0,40.4,0,0
2023-11-06,EcoFit Smart Bottle,Monday,228.0,260.0,59280.0,3083.33,112.9,44.4,1,0
2023-11-07,EcoFit Smart Bottle,Tuesday,159.0,260.0,41340.0,3755.89,112.3,48.7,0,0
2023-11-08,EcoFit Smart Bottle,Wednesday,171.0,260.0,44460.0,2313.83,112.5,39.6,0,0
2023-11-09,EcoFit Smart Bottle,Thursday,162.0,260.0,42120.0,2101.4,112.6,45.4,0,0
2023-11-10,EcoFit Smart Bottle,Friday,173.0,260.0,44980.0,5850.59,112.6,57.1,0,0
2023-11-11,EcoFit Smart Bottle,Saturday,195.0,260.0,50700.0,5343.92,112.9,41.3,0,0
2023-11-12,EcoFit Smart Bottle,Sunday,203.0,260.0,52780.0,4783.9,113.5,43.6,0,0
2023-11-13,EcoFit Smart Bottle,Monday,169.0,260.0,43940.0,3635.81,113.4,48.1,0,0
2023-11-14,EcoFit Smart Bottle,Tuesday,169.0,260.0,43940.0,2693.18,112.8,47.6,0,0
2023-11-15,EcoFit Smart Bottle,Wednesday,174.0,260.0,45240.0,2625.75,111.9,48.8,0,0
2023-11-16,EcoFit Smart Bottle,Thursday,173.0,260.0,44980.0,3000.97,111.9,46.3,0,0
2023-11-17,EcoFit Smart Bottle,Friday,162.0,260.0,42120.0,4196.91,112.0,50.5,0,0
2023-11-18,EcoFit Smart Bottle,Saturday,217.0,260.0,56420.0,4858.38,111.4,53.9,0,0
2023-11-19,EcoFit Smart Bottle,Sunday,203.0,260.0,52780.0,18154.1,111.9,73.9,0,0
2023-11-20,EcoFit Smart Bottle,Monday,218.0,260.0,56680.0,3119.74,111.6,42.8,0,0
2023-11-21,EcoFit Smart Bottle,Tuesday,180.0,260.0,46800.0,5819.46,110.6,50.4,0,0
2023-11-22,EcoFit Smart Bottle,Wednesday,179.0,260.0,46540.0,4951.59,111.4,50.5,0,0
2023-11-23,EcoFit Smart Bottle,Thursday,176.0,260.0,45760.0,4217.42,112.1,44.7,0,0
2023-11-24,EcoFit Smart Bottle,Friday,189.0,260.0,49140.0,4446.88,110.8,46.5,0,0
2023-11-25,EcoFit Smart Bottle,Saturday,217.0,260.0,56420.0,3678.4,110.5,48.9,1,0
2023-11-26,EcoFit Smart Bottle,Sunday,189.0,260.0,49140.0,2990.92,110.1,46.3,0,0
2023-11-27,EcoFit Smart Bottle,Monday,165.0,260.0,42900.0,11704.18,111.1,62.0,0,0
2023-11-28,EcoFit Smart Bottle,Tuesday,187.0,260.0,48620.0,5031.38,111.1,40.9,0,0
2023-11-29,EcoFit Smart Bottle,Wednesday,165.0,260.0,42900.0,2057.57,110.2,43.6,0,0
2023-11-30,EcoFit Smart Bottle,Thursday,165.0,260.0,42900.0,2464.29,110.7,39.6,0,0
2023-12-01,EcoFit Smart Bottle,Friday,178.0,260.0,46280.0,2184.01,110.0,48.8,0,0
2023-12-02,EcoFit Smart Bottle,Saturday,192.0,260.0,49920.0,2162.92,109.8,42.3,0,0
2023-12-03,EcoFit Smart Bottle,Sunday,187.0,260.0,48620.0,5421.84,109.3,45.4,0,0
2023-12-04,EcoFit Smart Bottle,Monday,174.0,260.0,45240.0,4814.63,109.0,48.8,0,0
2023-12-05,EcoFit Smart Bottle,Tuesday,179.0,260.0,46540.0,3896.7,109.6,53.7,0,0
2023-12-06,EcoFit Smart Bottle,Wednesday,162.0,260.0,42120.0,7894.67,110.5,58.5,0,0
2023-12-07,EcoFit Smart Bottle,Thursday,187.0,260.0,48620.0,3966.46,109.7,48.6,0,0
2023-12-08,EcoFit Smart Bottle,Friday,228.0,260.0,59280.0,3893.89,110.1,40.8,1,0
2023-12-09,EcoFit Smart Bottle,Saturday,249.0,260.0,64740.0,2692.81,109.7,53.1,1,0
2023-12-10,EcoFit Smart Bottle,Sunday,237.0,260.0,61620.0,3735.41,109.2,44.0,1,0
2023-12-11,EcoFit Smart Bottle,Monday,213.0,260.0,55380.0,10119.05,109.5,64.6,1,0
2023-12-12,EcoFit Smart Bottle,Tuesday,201.0,260.0,52260.0,4463.4,108.9,47.0,0,0
2023-12-13,EcoFit Smart Bottle,Wednesday,177.0,260.0,46020.0,4540.37,109.2,53.0,0,0
2023-12-14,EcoFit Smart Bottle,Thursday,181.0,260.0,47060.0,2181.22,109.6,50.7,0,0
2023-12-15,EcoFit Smart Bottle,Friday,178.0,260.0,46280.0,3498.45,109.4,50.1,0,0
2023-12-16,EcoFit Smart Bottle,Saturday,208.0,260.0,54080.0,4503.44,110.2,52.7,0,0
2023-12-17,EcoFit Smart Bottle,Sunday,200.0,260.0,52000.0,4012.55,109.4,47.5,0,0
2023-12-18,EcoFit Smart Bottle,Monday,177.0,260.0,46020.0,5425.96,110.2,48.7,0,0
2023-12-19,EcoFit Smart Bottle,Tuesday,183.0,260.0,47580.0,4634.77,109.0,50.0,0,0
2023-12-20,EcoFit Smart Bottle,Wednesday,186.0,260.0,48360.0,2651.74,110.7,43.7,0,0
2023-12-21,EcoFit Smart Bottle,Thursday,167.0,260.0,43420.0,2282.27,110.4,57.1,0,0
2023-12-22,EcoFit Smart Bottle,Friday,176.0,260.0,45760.0,4569.68,109.7,44.4,0,0
2023-12-23,EcoFit Smart Bottle,Saturday,203.0,260.0,52780.0,2106.05,109.6,49.6,0,0
2023-12-24,EcoFit Smart Bottle,Sunday,166.0,260.0,43160.0,4343.1,109.0,51.7,0,0
2023-12-25,EcoFit Smart Bottle,Monday,198.0,260.0,51480.0,5760.92,109.2,53.1,0,1
2023-12-26,EcoFit Smart Bottle,Tuesday,189.0,260.0,49140.0,4301.9,110.0,56.6,0,0
2023-12-27,EcoFit Smart Bottle,Wednesday,183.0,260.0,47580.0,3552.68,109.4,49.2,0,0
2023-12-28,EcoFit Smart Bottle,Thursday,167.0,260.0,43420.0,4573.15,109.8,46.7,0,0
2023-12-29,EcoFit Smart Bottle,Friday,191.0,260.0,49660.0,3833.01,108.8,49.9,0,0
2023-12-30,EcoFit Smart Bottle,Saturday,187.0,260.0,48620.0,4182.47,109.5,48.3,0,0
2023-12-31,EcoFit Smart Bottle,Sunday,214.0,260.0,55640.0,5765.86,109.7,55.0,0,0
2024-01-01,EcoFit Smart Bottle,Monday,203.0,245.0,49735.0,3544.41,110.4,52.2,0,1
2024-01-02,EcoFit Smart Bottle,Tuesday,234.0,245.0,57330.0,5844.76,110.3,48.6,1,0
2024-01-03,EcoFit Smart Bottle,Wednesday,198.0,245.0,48510.0,5621.4,110.0,58.5,0,0
2024-01-04,EcoFit Smart Bottle,Thursday,184.0,245.0,45080.0,2783.16,110.5,45.7,0,0
2024-01-05,EcoFit Smart Bottle,Friday,183.0,245.0,44835.0,2277.45,109.7,48.3,0,0
2024-01-06,EcoFit Smart Bottle,Saturday,200.0,245.0,49000.0,2403.11,108.7,49.5,0,0
2024-01-07,EcoFit Smart Bottle,Sunday,188.0,245.0,46060.0,2072.89,108.7,47.7,0,0
2024-01-08,EcoFit Smart Bottle,Monday,174.0,245.0,42630.0,2377.77,108.4,46.0,0,0
2024-01-09,EcoFit Smart Bottle,Tuesday,166.0,245.0,40670.0,4732.03,108.8,48.9,0,0
2024-01-10,EcoFit Smart Bottle,Wednesday,170.0,245.0,41650.0,2284.75,109.4,45.3,0,0
2024-01-11,EcoFit Smart Bottle,Thursday,159.0,245.0,38955.0,10552.85,109.8,71.1,0,0
2024-01-12,EcoFit Smart Bottle,Friday,222.0,245.0,54390.0,5379.5,110.4,48.7,0,0
2024-01-13,EcoFit Smart Bottle,Saturday,225.0,245.0,55125.0,2093.09,110.6,43.0,0,0
2024-01-14,EcoFit Smart Bottle,Sunday,221.0,245.0,54145.0,5257.87,110.9,49.2,1,0
2024-01-15,EcoFit Smart Bottle,Monday,197.0,245.0,48265.0,3127.42,110.8,49.6,0,0
2024-01-16,EcoFit Smart Bottle,Tuesday,189.0,245.0,46305.0,2472.66,111.1,40.1,0,0
2024-01-17,EcoFit Smart Bottle,Wednesday,176.0,245.0,43120.0,4786.95,111.2,45.7,0,0
2024-01-18,EcoFit Smart Bottle,Thursday,187.0,245.0,45815.0,16874.4,111.4,75.5,0,0
2024-01-19,EcoFit Smart Bottle,Friday,245.0,245.0,60025.0,5509.89,111.3,47.8,0,0
2024-01-20,EcoFit Smart Bottle,Saturday,226.0,245.0,55370.0,4940.28,111.7,47.2,0,0
2024-01-21,EcoFit Smart Bottle,Sunday,217.0,245.0,53165.0,5213.92,111.3,47.5,0,0
2024-01-22,EcoFit Smart Bottle,Monday,201.0,245.0,49245.0,3128.14,111.3,45.6,0,0
2024-01-23,EcoFit Smart Bottle,Tuesday,188.0,245.0,46060.0,2709.76,112.1,52.8,0,0
2024-01-24,EcoFit Smart Bottle,Wednesday,166.0,245.0,40670.0,5002.46,111.5,58.7,0,0
2024-01-25,EcoFit Smart Bottle,Thursday,194.0,245.0,47530.0,5227.34,110.2,64.1,0,0
2024-01-26,EcoFit Smart Bottle,Friday,241.0,245.0,59045.0,5962.02,110.4,65.5,0,1
2024-01-27,EcoFit Smart Bottle,Saturday,0.0,245.0,0.0,13415.97,110.3,75.1,0,0
2024-01-28,EcoFit Smart Bottle,Sunday,0.0,245.0,0.0,3488.07,110.9,56.6,0,0
2024-01-29,EcoFit Smart Bottle,Monday,218.0,245.0,53410.0,5105.65,110.8,55.5,0,0
2024-01-30,EcoFit Smart Bottle,Tuesday,196.0,245.0,48020.0,3363.21,110.5,54.1,0,0
2024-01-31,EcoFit Smart Bottle,Wednesday,190.0,245.0,46550.0,5723.03,110.4,66.1,0,0
2024-02-01,EcoFit Smart Bottle,Thursday,260.0,245.0,63700.0,5433.65,111.1,57.9,1,0
2024-02-02,EcoFit Smart Bottle,Friday,226.0,245.0,55370.0,3715.98,111.4,58.5,0,0
2024-02-03,EcoFit Smart Bottle,Saturday,237.0,245.0,58065.0,5003.48,110.0,50.8,0,0
2024-02-04,EcoFit Smart Bottle,Sunday,231.0,245.0,56595.0,5018.17,110.1,52.3,0,0
2024-02-05,EcoFit Smart Bottle,Monday,196.0,245.0,48020.0,2412.5,110.2,52.2,0,0
2024-02-06,EcoFit Smart Bottle,Tuesday,177.0,245.0,43365.0,5610.21,110.2,57.9,0,0
2024-02-07,EcoFit Smart Bottle,Wednesday,194.0,245.0,47530.0,4021.01,109.8,51.1,0,0
2024-02-08,EcoFit Smart Bottle,Thursday,212.0,245.0,51940.0,5305.83,110.5,68.9,0,0
2024-02-09,EcoFit Smart Bottle,Friday,229.0,245.0,56105.0,3280.2,111.3,53.9,0,0
2024-02-10,EcoFit Smart Bottle,Saturday,249.0,245.0,61005.0,5582.09,110.0,55.6,0,0
2024-02-11,EcoFit Smart Bottle,Sunday,240.0,245.0,58800.0,3556.81,109.5,54.7,0,0
2024-02-12,EcoFit Smart Bottle,Monday,235.0,245.0,57575.0,2043.35,109.4,51.2,1,0
2024-02-13,EcoFit Smart Bottle,Tuesday,186.0,245.0,45570.0,5621.53,110.0,59.3,0,0
2024-02-14,EcoFit Smart Bottle,Wednesday,202.0,245.0,49490.0,2365.15,110.0,44.1,0,0
2024-02-15,EcoFit Smart Bottle,Thursday,208.0,245.0,50960.0,3277.25,109.6,60.5,0,0
2024-02-16,EcoFit Smart Bottle,Friday,214.0,245.0,52430.0,5800.25,110.0,66.0,0,0
2024-02-17,EcoFit Smart Bottle,Saturday,247.0,245.0,60515.0,5802.43,109.9,66.8,0,0
2024-02-18,EcoFit Smart Bottle,Sunday,248.0,245.0,60760.0,4293.75,109.8,58.2,0,0
2024-02-19,EcoFit Smart Bottle,Monday,221.0,245.0,54145.0,4527.35,109.8,60.6,0,0
2024-02-20,EcoFit Smart Bottle,Tuesday,222.0,245.0,54390.0,3793.78,110.1,51.6,0,0
2024-02-21,EcoFit Smart Bottle,Wednesday,222.0,245.0,54390.0,3172.84,110.0,59.1,0,0
2024-02-22,EcoFit Smart Bottle,Thursday,233.0,245.0,57085.0,3314.66,110.4,56.6,1,0
2024-02-23,EcoFit Smart Bottle,Friday,229.0,245.0,56105.0,4690.07,110.3,56.0,0,0
2024-02-24,EcoFit Smart Bottle,Saturday,248.0,245.0,60760.0,5009.5,109.7,63.4,0,0
2024-02-25,EcoFit Smart Bottle,Sunday,237.0,245.0,58065.0,5166.32,109.7,64.1,0,0
2024-02-26,EcoFit Smart Bottle,Monday,231.0,245.0,56595.0,5158.47,109.1,60.1,0,0
2024-02-27,EcoFit Smart Bottle,Tuesday,210.0,245.0,51450.0,2364.82,109.1,56.6,0,0
2024-02-28,EcoFit Smart Bottle,Wednesday,378.0,245.0,92610.0,3977.68,109.6,52.6,0,0
2024-02-29,EcoFit Smart Bottle,Thursday,209.0,245.0,51205.0,2230.24,108.9,60.7,0,0
2024-03-01,EcoFit Smart Bottle,Friday,219.0,245.0,53655.0,4198.12,109.1,54.1,0,0
2024-03-02,EcoFit Smart Bottle,Saturday,241.0,245.0,59045.0,3766.12,108.6,54.4,0,0
2024-03-03,EcoFit Smart Bottle,Sunday,242.0,245.0,59290.0,5550.82,108.8,62.0,0,0
2024-03-04,EcoFit Smart Bottle,Monday,227.0,245.0,55615.0,3403.66,109.3,63.1,0,0
2024-03-05,EcoFit Smart Bottle,Tuesday,203.0,245.0,49735.0,6914.33,108.0,70.3,0,0
2024-03-06,EcoFit Smart Bottle,Wednesday,238.0,245.0,58310.0,2571.97,107.3,56.2,0,0
2024-03-07,EcoFit Smart Bottle,Thursday,239.0,245.0,58555.0,5046.04,107.1,65.2,1,0
2024-03-08,EcoFit Smart Bottle,Friday,245.0,245.0,60025.0,4472.87,107.3,51.9,0,0
2024-03-09,EcoFit Smart Bottle,Saturday,255.0,245.0,62475.0,2404.49,107.2,52.8,0,0
2024-03-10,EcoFit Smart Bottle,Sunday,236.0,245.0,57820.0,2336.43,107.2,53.0,0,0
2024-03-11,EcoFit Smart Bottle,Monday,206.0,245.0,50470.0,4803.88,108.4,67.8,0,0
2024-03-12,EcoFit Smart Bottle,Tuesday,218.0,245.0,53410.0,2291.05,107.7,60.0,0,0
2024-03-13,EcoFit Smart Bottle,Wednesday,216.0,245.0,52920.0,17746.54,108.4,88.7,0,0
2024-03-14,EcoFit Smart Bottle,Thursday,280.0,245.0,68600.0,4824.97,108.1,63.6,0,0
2024-03-15,EcoFit Smart Bottle,Friday,271.0,245.0,66395.0,2325.4,108.5,65.2,0,0
2024-03-16,EcoFit Smart Bottle,Saturday,241.0,245.0,59045.0,2339.35,109.8,56.7,0,0
2024-03-17,EcoFit Smart Bottle,Sunday,253.0,245.0,61985.0,5946.56,110.2,58.4,0,0
2024-03-18,EcoFit Smart Bottle,Monday,222.0,245.0,54390.0,3497.08,110.4,65.6,0,0
2024-03-19,EcoFit Smart Bottle,Tuesday,215.0,245.0,52675.0,3482.57,111.4,61.2,0,0
2024-03-20,EcoFit Smart Bottle,Wednesday,224.0,245.0,54880.0,13452.39,112.0,85.2,0,0
2024-03-21,EcoFit Smart Bottle,Thursday,306.0,245.0,74970.0,5788.99,111.5,65.1,1,0
2024-03-22,EcoFit Smart Bottle,Friday,253.0,245.0,61985.0,5944.0,111.7,61.6,0,0
2024-03-23,EcoFit Smart Bottle,Saturday,275.0,245.0,67375.0,5013.51,110.7,66.1,0,0
2024-03-24,EcoFit Smart Bottle,Sunday,260.0,245.0,63700.0,3505.04,110.4,61.3,0,0
2024-03-25,EcoFit Smart Bottle,Monday,240.0,245.0,58800.0,2334.0,110.6,60.0,0,0
2024-03-26,EcoFit Smart Bottle,Tuesday,229.0,245.0,56105.0,5108.59,110.2,72.8,0,0
2024-03-27,EcoFit Smart Bottle,Wednesday,242.0,245.0,59290.0,4233.62,110.4,57.7,0,0
2024-03-28,EcoFit Smart Bottle,Thursday,251.0,245.0,61495.0,3696.89,110.4,63.7,0,0
2024-03-29,EcoFit Smart Bottle,Friday,246.0,245.0,60270.0,19082.34,110.7,89.1,0,0
2024-03-30,EcoFit Smart Bottle,Saturday,304.0,245.0,74480.0,2444.79,110.4,47.1,0,0
2024-03-31,EcoFit Smart Bottle,Sunday,274.0,245.0,67130.0,3970.5,109.9,63.0,0,0
2024-04-01,EcoFit Smart Bottle,Monday,229.0,245.0,56105.0,2045.41,110.7,59.7,0,0
2024-04-02,EcoFit Smart Bottle,Tuesday,219.0,245.0,53655.0,3874.64,110.4,66.5,0,0
2024-04-03,EcoFit Smart Bottle,Wednesday,237.0,245.0,58065.0,2225.21,110.8,59.2,0,0
2024-04-04,EcoFit Smart Bottle,Thursday,252.0,245.0,61740.0,2475.27,111.7,53.5,1,0
2024-04-05,EcoFit Smart Bottle,Friday,241.0,245.0,59045.0,2470.1,111.8,56.9,0,0
2024-04-06,EcoFit Smart Bottle,Saturday,260.0,245.0,63700.0,4596.84,111.3,72.0,0,0
2024-04-07,EcoFit Smart Bottle,Sunday,268.0,245.0,65660.0,4984.18,111.2,62.2,0,0
2024-04-08,EcoFit Smart Bottle,Monday,248.0,245.0,60760.0,13969.11,111.8,92.4,0,0
2024-04-09,EcoFit Smart Bottle,Tuesday,273.0,245.0,66885.0,5848.69,111.9,73.6,0,0
2024-04-10,EcoFit Smart Bottle,Wednesday,276.0,245.0,67620.0,3499.48,111.2,62.2,0,0
2024-04-11,EcoFit Smart Bottle,Thursday,254.0,245.0,62230.0,3142.85,111.5,59.6,0,0
2024-04-12,EcoFit Smart Bottle,Friday,270.0,245.0,66150.0,5474.4,112.0,73.3,0,0
2024-04-13,EcoFit Smart Bottle,Saturday,288.0,245.0,70560.0,2894.38,111.8,61.8,0,0
2024-04-14,EcoFit Smart Bottle,Sunday,278.0,245.0,68110.0,5852.89,112.2,61.3,0,0
2024-04-15,EcoFit Smart Bottle,Monday,247.0,245.0,60515.0,2048.62,112.3,64.4,0,0
2024-04-16,EcoFit Smart Bottle,Tuesday,239.0,245.0,58555.0,5879.52,112.2,71.4,0,0
2024-04-17,EcoFit Smart Bottle,Wednesday,256.0,245.0,62720.0,2172.64,111.4,67.8,0,0
2024-04-18,EcoFit Smart Bottle,Thursday,241.0,245.0,59045.0,5564.57,112.1,70.7,0,0
2024-04-19,EcoFit Smart Bottle,Friday,273.0,245.0,66885.0,4110.8,112.5,63.4,0,0
2024-04-20,EcoFit Smart Bottle,Saturday,290.0,245.0,71050.0,5971.86,112.9,76.4,0,0
2024-04-21,EcoFit Smart Bottle,Sunday,287.0,245.0,70315.0,2295.19,113.8,69.6,0,0
2024-04-22,EcoFit Smart Bottle,Monday,244.0,245.0,59780.0,4215.42,114.4,67.9,0,0
2024-04-23,EcoFit Smart Bottle,Tuesday,260.0,245.0,63700.0,5877.21,114.8,70.5,0,0
2024-04-24,EcoFit Smart Bottle,Wednesday,257.0,245.0,62965.0,4092.39,113.4,60.1,0,0
2024-04-25,EcoFit Smart Bottle,Thursday,261.0,245.0,63945.0,4517.59,114.2,64.6,0,0
2024-04-26,EcoFit Smart Bottle,Friday,264.0,245.0,64680.0,4782.99,114.2,72.1,0,0
2024-04-27,EcoFit Smart Bottle,Saturday,284.0,245.0,69580.0,3818.16,114.4,63.7,0,0
2024-04-28,EcoFit Smart Bottle,Sunday,286.0,245.0,70070.0,4510.23,114.6,60.7,0,0
2024-04-29,EcoFit Smart Bottle,Monday,252.0,245.0,61740.0,4337.26,115.1,85.2,0,0
2024-04-30,EcoFit Smart Bottle,Tuesday,269.0,245.0,65905.0,5604.63,115.7,63.0,0,0
2024-05-01,EcoFit Smart Bottle,Wednesday,259.0,245.0,63455.0,8568.58,116.1,87.6,0,0
2024-05-02,EcoFit Smart Bottle,Thursday,272.0,245.0,66640.0,3123.85,116.4,64.0,0,0
2024-05-03,EcoFit Smart Bottle,Friday,280.0,245.0,68600.0,5801.65,116.5,70.5,0,0
2024-05-04,EcoFit Smart Bottle,Saturday,297.0,245.0,72765.0,5561.06,114.5,67.2,0,0
2024-05-05,EcoFit Smart Bottle,Sunday,322.0,245.0,78890.0,3822.63,114.4,71.1,1,0
2024-05-06,EcoFit Smart Bottle,Monday,260.0,245.0,63700.0,4480.53,113.8,61.4,0,0
2024-05-07,EcoFit Smart Bottle,Tuesday,264.0,245.0,64680.0,3109.52,114.5,56.7,0,0
2024-05-08,EcoFit Smart Bottle,Wednesday,249.0,245.0,61005.0,2752.48,114.9,73.3,0,0
2024-05-09,EcoFit Smart Bottle,Thursday,261.0,245.0,63945.0,3854.79,114.6,63.5,0,0
2024-05-10,EcoFit Smart Bottle,Friday,281.0,245.0,68845.0,3413.41,114.4,70.4,0,0
2024-05-11,EcoFit Smart Bottle,Saturday,289.0,245.0,70805.0,4334.62,114.2,63.2,0,0
2024-05-12,EcoFit Smart Bottle,Sunday,278.0,245.0,68110.0,2310.94,113.9,68.2,0,0
2024-05-13,EcoFit Smart Bottle,Monday,250.0,245.0,61250.0,5897.58,113.0,80.3,0,0
2024-05-14,EcoFit Smart Bottle,Tuesday,264.0,245.0,64680.0,5944.84,112.0,69.3,0,0
2024-05-15,EcoFit Smart Bottle,Wednesday,267.0,245.0,65415.0,4792.65,112.1,60.1,0,0
2024-05-16,EcoFit Smart Bottle,Thursday,271.0,245.0,66395.0,4144.39,112.7,76.9,0,0
2024-05-17,EcoFit Smart Bottle,Friday,266.0,245.0,65170.0,3238.11,112.4,71.3,0,0
2024-05-18,EcoFit Smart Bottle,Saturday,294.0,245.0,72030.0,5255.18,112.6,68.4,0,0
2024-05-19,EcoFit Smart Bottle,Sunday,283.0,245.0,69335.0,4738.92,113.0,68.7,0,0
2024-05-20,EcoFit Smart Bottle,Monday,281.0,245.0,68845.0,2650.47,112.4,60.1,0,0
2024-05-21,EcoFit Smart Bottle,Tuesday,245.0,245.0,60025.0,5643.71,112.4,78.8,0,0
2024-05-22,EcoFit Smart Bottle,Wednesday,266.0,245.0,65170.0,5290.15,112.0,68.3,0,0
2024-05-23,EcoFit Smart Bottle,Thursday,282.0,245.0,69090.0,5799.2,113.0,64.9,0,0
2024-05-24,EcoFit Smart Bottle,Friday,279.0,245.0,68355.0,4902.88,113.9,71.3,0,0
2024-05-25,EcoFit Smart Bottle,Saturday,335.0,245.0,82075.0,4453.66,113.3,65.1,1,0
2024-05-26,EcoFit Smart Bottle,Sunday,279.0,245.0,68355.0,3672.97,113.5,62.7,0,0
2024-05-27,EcoFit Smart Bottle,Monday,274.0,245.0,67130.0,5730.91,114.2,69.8,0,0
2024-05-28,EcoFit Smart Bottle,Tuesday,266.0,245.0,65170.0,5464.26,114.7,71.9,0,0
2024-05-29,EcoFit Smart Bottle,Wednesday,266.0,245.0,65170.0,2180.87,114.7,58.0,0,0
2024-05-30,EcoFit Smart Bottle,Thursday,255.0,245.0,62475.0,2105.47,115.5,71.6,0,0
2024-05-31,EcoFit Smart Bottle,Friday,286.0,245.0,70070.0,3505.85,115.0,70.9,0,0
2024-06-01,EcoFit Smart Bottle,Saturday,286.0,245.0,70070.0,20459.32,114.8,99.6,0,0
2024-06-02,EcoFit Smart Bottle,Sunday,332.0,245.0,81340.0,5949.1,114.3,67.9,0,0
2024-06-03,EcoFit Smart Bottle,Monday,289.0,245.0,70805.0,2601.67,114.7,65.2,0,0
2024-06-04,EcoFit Smart Bottle,Tuesday,244.0,245.0,59780.0,4376.52,114.4,73.7,0,0
2024-06-05,EcoFit Smart Bottle,Wednesday,278.0,245.0,68110.0,3523.56,114.3,71.2,0,0
2024-06-06,EcoFit Smart Bottle,Thursday,262.0,245.0,64190.0,20105.0,114.7,100.0,0,0
2024-06-07,EcoFit Smart Bottle,Friday,334.0,245.0,81830.0,5368.48,115.1,68.7,0,0
2024-06-08,EcoFit Smart Bottle,Saturday,352.0,245.0,86240.0,5353.31,114.5,56.5,1,0
2024-06-09,EcoFit Smart Bottle,Sunday,285.0,245.0,69825.0,3874.77,115.2,74.3,0,0
2024-06-10,EcoFit Smart Bottle,Monday,260.0,245.0,63700.0,3659.28,115.4,66.8,0,0
2024-06-11,EcoFit Smart Bottle,Tuesday,290.0,245.0,71050.0,3093.63,114.8,69.8,1,0
2024-06-12,EcoFit Smart Bottle,Wednesday,266.0,245.0,65170.0,2225.5,114.0,73.0,0,0
2024-06-13,EcoFit Smart Bottle,Thursday,266.0,245.0,65170.0,5458.89,114.0,83.3,0,0
2024-06-14,EcoFit Smart Bottle,Friday,329.0,245.0,80605.0,5251.6,114.5,67.4,1,0
2024-06-15,EcoFit Smart Bottle,Saturday,311.0,245.0,76195.0,5998.87,115.0,72.8,0,0
2024-06-16,EcoFit Smart Bottle,Sunday,291.0,245.0,71295.0,5986.55,115.2,78.9,0,0
2024-06-17,EcoFit Smart Bottle,Monday,268.0,245.0,65660.0,4221.73,115.3,64.2,0,0
2024-06-18,EcoFit Smart Bottle,Tuesday,262.0,245.0,64190.0,5075.95,115.6,67.2,0,0
2024-06-19,EcoFit Smart Bottle,Wednesday,267.0,245.0,65415.0,5779.06,115.1,68.5,0,0
2024-06-20,EcoFit Smart Bottle,Thursday,277.0,245.0,67865.0,5398.59,116.1,70.5,0,0
2024-06-21,EcoFit Smart Bottle,Friday,292.0,245.0,71540.0,2989.39,117.1,64.7,1,0
2024-06-22,EcoFit Smart Bottle,Saturday,441.0,245.0,108045.0,3802.18,117.3,64.3,0,0
2024-06-23,EcoFit Smart Bottle,Sunday,284.0,245.0,69580.0,2516.64,117.5,59.8,0,0
2024-06-24,EcoFit Smart Bottle,Monday,253.0,245.0,61985.0,5816.2,117.2,75.3,0,0
2024-06-25,EcoFit Smart Bottle,Tuesday,274.0,245.0,67130.0,4424.7,117.5,75.0,0,0
2024-06-26,EcoFit Smart Bottle,Wednesday,271.0,245.0,66395.0,2914.57,117.1,72.6,0,0
2024-06-27,EcoFit Smart Bottle,Thursday,272.0,245.0,66640.0,4686.8,115.8,66.3,0,0
2024-06-28,EcoFit Smart Bottle,Friday,277.0,245.0,67865.0,4472.51,114.1,72.5,0,0
2024-06-29,EcoFit Smart Bottle,Saturday,296.0,245.0,72520.0,3432.65,113.7,67.2,0,0
2024-06-30,EcoFit Smart Bottle,Sunday,295.0,245.0,72275.0,2454.23,113.8,61.1,0,0
2024-07-01,EcoFit Smart Bottle,Monday,263.0,245.0,64435.0,4686.29,114.0,72.0,0,0
2024-07-02,EcoFit Smart Bottle,Tuesday,248.0,245.0,60760.0,4081.23,113.7,64.0,0,0
2024-07-03,EcoFit Smart Bottle,Wednesday,259.0,245.0,63455.0,5089.27,113.8,67.1,0,0
2024-07-04,EcoFit Smart Bottle,Thursday,261.0,270.0,70470.0,4080.65,113.6,60.0,0,0
2024-07-05,EcoFit Smart Bottle,Friday,274.0,270.0,73980.0,5408.73,113.0,67.1,0,0
2024-07-06,EcoFit Smart Bottle,Saturday,293.0,270.0,79110.0,4207.63,113.0,68.2,0,0
2024-07-07,EcoFit Smart Bottle,Sunday,274.0,270.0,73980.0,4243.75,113.4,74.7,0,0
2024-07-08,EcoFit Smart Bottle,Monday,261.0,270.0,70470.0,19224.86,112.9,94.9,0,0
2024-07-09,EcoFit Smart Bottle,Tuesday,289.0,270.0,78030.0,3613.93,112.3,60.2,0,0
2024-07-10,EcoFit Smart Bottle,Wednesday,278.0,270.0,75060.0,2536.06,111.7,70.6,0,0
2024-07-11,EcoFit Smart Bottle,Thursday,241.0,270.0,65070.0,2115.13,110.5,59.6,0,0
2024-07-12,EcoFit Smart Bottle,Friday,258.0,270.0,69660.0,5020.55,110.2,59.1,0,0
2024-07-13,EcoFit Smart Bottle,Saturday,280.0,270.0,75600.0,4481.24,110.6,67.3,0,0
2024-07-14,EcoFit Smart Bottle,Sunday,284.0,270.0,76680.0,4816.32,110.7,65.5,0,0
2024-07-15,EcoFit Smart Bottle,Monday,237.0,270.0,63990.0,2851.86,110.6,74.6,0,0
2024-07-16,EcoFit Smart Bottle,Tuesday,243.0,270.0,65610.0,2545.49,110.7,64.7,0,0
2024-07-17,EcoFit Smart Bottle,Wednesday,247.0,270.0,66690.0,2058.18,110.4,60.5,0,0
2024-07-18,EcoFit Smart Bottle,Thursday,238.0,270.0,64260.0,3402.35,109.3,59.2,0,0
2024-07-19,EcoFit Smart Bottle,Friday,271.0,270.0,73170.0,4359.67,109.7,67.2,0,0
2024-07-20,EcoFit Smart Bottle,Saturday,269.0,270.0,72630.0,3568.98,110.4,71.2,0,0
2024-07-21,EcoFit Smart Bottle,Sunday,277.0,270.0,74790.0,3749.9,109.9,65.7,0,0
2024-07-22,EcoFit Smart Bottle,Monday,256.0,270.0,69120.0,5616.63,109.8,63.5,0,0
2024-07-23,EcoFit Smart Bottle,Tuesday,264.0,270.0,71280.0,3393.02,109.7,65.8,0,0
2024-07-24,EcoFit Smart Bottle,Wednesday,239.0,270.0,64530.0,4055.96,109.9,64.0,0,0
2024-07-25,EcoFit Smart Bottle,Thursday,246.0,270.0,66420.0,5134.61,110.9,68.5,0,0
2024-07-26,EcoFit Smart Bottle,Friday,274.0,270.0,73980.0,3586.17,111.6,61.3,0,0
2024-07-27,EcoFit Smart Bottle,Saturday,278.0,270.0,75060.0,4488.35,111.4,62.8,0,0
2024-07-28,EcoFit Smart Bottle,Sunday,258.0,270.0,69660.0,5449.45,111.7,64.4,0,0
2024-07-29,EcoFit Smart Bottle,Monday,251.0,270.0,67770.0,5798.08,112.5,71.7,0,0
2024-07-30,EcoFit Smart Bottle,Tuesday,255.0,270.0,68850.0,2588.29,112.7,58.6,0,0
2024-07-31,EcoFit Smart Bottle,Wednesday,248.0,270.0,66960.0,5706.35,112.7,64.2,0,0
2024-08-01,EcoFit Smart Bottle,Thursday,248.0,270.0,66960.0,3968.47,113.0,58.2,0,0
2024-08-02,EcoFit Smart Bottle,Friday,234.0,270.0,63180.0,10736.11,112.6,78.5,0,0
2024-08-03,EcoFit Smart Bottle,Saturday,299.0,270.0,80730.0,3836.54,112.2,63.9,0,0
2024-08-04,EcoFit Smart Bottle,Sunday,238.0,270.0,64260.0,5920.13,111.6,64.1,1,0
2024-08-05,EcoFit Smart Bottle,Monday,238.0,270.0,64260.0,3970.47,111.8,58.7,0,0
2024-08-06,EcoFit Smart Bottle,Tuesday,217.0,270.0,58590.0,3315.01,111.7,70.1,0,0
2024-08-07,EcoFit Smart Bottle,Wednesday,241.0,270.0,65070.0,4533.6,111.2,53.6,0,0
2024-08-08,EcoFit Smart Bottle,Thursday,250.0,270.0,67500.0,2960.58,111.1,62.2,0,0
2024-08-09,EcoFit Smart Bottle,Friday,241.0,270.0,65070.0,2303.45,111.4,64.7,0,0
2024-08-10,EcoFit Smart Bottle,Saturday,317.0,270.0,85590.0,2515.52,112.5,41.6,1,0
2024-08-11,EcoFit Smart Bottle,Sunday,260.0,270.0,70200.0,2512.18,113.1,62.3,0,0
2024-08-12,EcoFit Smart Bottle,Monday,235.0,270.0,63450.0,2607.61,111.8,57.2,0,0
2024-08-13,EcoFit Smart Bottle,Tuesday,217.0,270.0,58590.0,2555.31,111.9,59.3,0,0
2024-08-14,EcoFit Smart Bottle,Wednesday,226.0,270.0,61020.0,4563.5,112.8,60.3,0,0
2024-08-15,EcoFit Smart Bottle,Thursday,260.0,270.0,70200.0,2727.52,112.0,63.4,0,1
2024-08-16,EcoFit Smart Bottle,Friday,239.0,270.0,64530.0,3382.67,112.3,61.0,0,0
2024-08-17,EcoFit Smart Bottle,Saturday,259.0,270.0,69930.0,5587.15,112.2,64.1,0,0
2024-08-18,EcoFit Smart Bottle,Sunday,270.0,270.0,72900.0,3895.85,112.8,55.4,0,0
2024-08-19,EcoFit Smart Bottle,Monday,238.0,270.0,64260.0,4670.23,113.1,70.6,0,0
2024-08-20,EcoFit Smart Bottle,Tuesday,237.0,270.0,63990.0,2689.28,112.6,57.1,0,0
2024-08-21,EcoFit Smart Bottle,Wednesday,236.0,270.0,63720.0,2769.16,112.4,68.5,0,0
2024-08-22,EcoFit Smart Bottle,Thursday,244.0,270.0,65880.0,2163.47,112.3,65.3,0,0
2024-08-23,EcoFit Smart Bottle,Friday,261.0,270.0,70470.0,2675.74,112.3,47.6,1,0
2024-08-24,EcoFit Smart Bottle,Saturday,247.0,270.0,66690.0,3114.36,112.9,53.9,0,0
2024-08-25,EcoFit Smart Bottle,Sunday,281.0,270.0,75870.0,2708.04,112.4,51.0,1,0
2024-08-26,EcoFit Smart Bottle,Monday,216.0,270.0,58320.0,2354.81,113.0,55.1,0,0
2024-08-27,EcoFit Smart Bottle,Tuesday,225.0,270.0,60750.0,2482.54,112.9,56.4,0,0
2024-08-28,EcoFit Smart Bottle,Wednesday,215.0,270.0,58050.0,3843.12,113.0,59.1,0,0
2024-08-29,EcoFit Smart Bottle,Thursday,224.0,270.0,60480.0,2825.33,113.0,61.0,0,0
2024-08-30,EcoFit Smart Bottle,Friday,230.0,270.0,62100.0,3457.08,113.0,64.3,0,0
2024-08-31,EcoFit Smart Bottle,Saturday,258.0,270.0,69660.0,4013.67,113.0,62.6,0,0
2024-09-01,EcoFit Smart Bottle,Sunday,251.0,270.0,67770.0,4761.58,113.9,56.3,0,0
2024-09-02,EcoFit Smart Bottle,Monday,266.0,270.0,71820.0,2157.25,114.4,49.8,1,0
2024-09-03,EcoFit Smart Bottle,Tuesday,225.0,270.0,60750.0,5197.64,114.2,59.6,0,0
2024-09-04,EcoFit Smart Bottle,Wednesday,219.0,270.0,59130.0,4511.6,115.1,60.2,0,0
2024-09-05,EcoFit Smart Bottle,Thursday,4.0,270.0,1080.0,2327.04,115.3,52.6,0,0
2024-09-06,EcoFit Smart Bottle,Friday,233.0,270.0,62910.0,5494.31,115.5,52.9,0,0
2024-09-07,EcoFit Smart Bottle,Saturday,242.0,270.0,65340.0,5683.49,115.0,63.2,0,0
2024-09-08,EcoFit Smart Bottle,Sunday,226.0,270.0,61020.0,2244.31,114.7,50.8,0,0
2024-09-09,EcoFit Smart Bottle,Monday,209.0,270.0,56430.0,3107.51,114.3,52.2,0,0
2024-09-10,EcoFit Smart Bottle,Tuesday,217.0,270.0,58590.0,5224.81,114.3,58.1,0,0
2024-09-11,EcoFit Smart Bottle,Wednesday,216.0,270.0,58320.0,4993.04,114.7,56.5,0,0
2024-09-12,EcoFit Smart Bottle,Thursday,233.0,270.0,62910.0,2738.08,114.9,51.2,0,0
2024-09-13,EcoFit Smart Bottle,Friday,234.0,270.0,63180.0,2837.4,115.9,46.7,0,0
2024-09-14,EcoFit Smart Bottle,Saturday,244.0,270.0,65880.0,3481.89,115.4,53.6,0,0
2024-09-15,EcoFit Smart Bottle,Sunday,235.0,270.0,63450.0,3938.09,115.4,58.4,0,0
2024-09-16,EcoFit Smart Bottle,Monday,217.0,270.0,58590.0,4473.02,114.7,57.2,0,0
2024-09-17,EcoFit Smart Bottle,Tuesday,213.0,270.0,57510.0,3475.65,114.1,58.4,0,0
2024-09-18,EcoFit Smart Bottle,Wednesday,270.0,270.0,72900.0,3850.14,114.9,50.6,1,0
2024-09-19,EcoFit Smart Bottle,Thursday,397.0,270.0,107190.0,12612.19,114.6,65.2,0,0
2024-09-20,EcoFit Smart Bottle,Friday,248.0,270.0,66960.0,2146.73,114.1,49.3,0,0
2024-09-21,EcoFit Smart Bottle,Saturday,241.0,270.0,65070.0,3009.75,112.8,49.0,0,0
2024-09-22,EcoFit Smart Bottle,Sunday,221.0,270.0,59670.0,4853.4,112.3,53.0,0,0
2024-09-23,EcoFit Smart Bottle,Monday,208.0,270.0,56160.0,5580.83,112.2,57.9,0,0
2024-09-24,EcoFit Smart Bottle,Tuesday,204.0,270.0,55080.0,4046.71,111.4,51.1,0,0
2024-09-25,EcoFit Smart Bottle,Wednesday,208.0,270.0,56160.0,4128.45,111.3,47.4,0,0
2024-09-26,EcoFit Smart Bottle,Thursday,211.0,270.0,56970.0,2428.69,112.0,47.3,0,0
2024-09-27,EcoFit Smart Bottle,Friday,212.0,270.0,57240.0,3789.65,111.6,54.3,0,0
2024-09-28,EcoFit Smart Bottle,Saturday,240.0,270.0,64800.0,4130.47,111.0,56.5,0,0
2024-09-29,EcoFit Smart Bottle,Sunday,236.0,270.0,63720.0,2969.88,110.4,54.0,0,0
2024-09-30,EcoFit Smart Bottle,Monday,204.0,270.0,55080.0,8166.87,109.7,63.0,0,0
2024-10-01,EcoFit Smart Bottle,Tuesday,220.0,270.0,59400.0,3509.14,110.0,50.6,0,0
2024-10-02,EcoFit Smart Bottle,Wednesday,212.0,270.0,57240.0,7621.55,110.0,61.5,0,0
2024-10-03,EcoFit Smart Bottle,Thursday,267.0,270.0,72090.0,3288.32,110.6,50.5,1,0
2024-10-04,EcoFit Smart Bottle,Friday,264.0,270.0,71280.0,2845.79,111.8,50.2,1,0
2024-10-05,EcoFit Smart Bottle,Saturday,221.0,270.0,59670.0,3309.99,110.7,45.8,0,0
2024-10-06,EcoFit Smart Bottle,Sunday,214.0,270.0,57780.0,2479.05,110.9,48.9,0,0
2024-10-07,EcoFit Smart Bottle,Monday,183.0,270.0,49410.0,5562.11,110.3,56.6,0,0
2024-10-08,EcoFit Smart Bottle,Tuesday,212.0,270.0,57240.0,4374.37,110.7,53.9,0,0
2024-10-09,EcoFit Smart Bottle,Wednesday,211.0,270.0,56970.0,4716.41,110.6,46.3,0,0
2024-10-10,EcoFit Smart Bottle,Thursday,214.0,270.0,57780.0,5156.68,110.6,53.9,0,0
2024-10-11,EcoFit Smart Bottle,Friday,216.0,270.0,58320.0,3993.77,109.8,43.8,0,0
2024-10-12,EcoFit Smart Bottle,Saturday,241.0,270.0,65070.0,2347.68,109.6,48.4,0,0
2024-10-13,EcoFit Smart Bottle,Sunday,206.0,270.0,55620.0,4148.43,109.6,47.5,0,0
2024-10-14,EcoFit Smart Bottle,Monday,210.0,270.0,56700.0,4347.36,110.4,59.8,0,0
2024-10-15,EcoFit Smart Bottle,Tuesday,197.0,270.0,53190.0,4981.76,110.0,53.0,0,0
2024-10-16,EcoFit Smart Bottle,Wednesday,203.0,270.0,54810.0,3726.64,109.6,53.8,0,0
2024-10-17,EcoFit Smart Bottle,Thursday,206.0,270.0,55620.0,2510.32,110.2,57.8,0,0
2024-10-18,EcoFit Smart Bottle,Friday,207.0,270.0,55890.0,3135.1,109.7,44.3,0,0
2024-10-19,EcoFit Smart Bottle,Saturday,228.0,270.0,61560.0,3452.33,110.4,51.1,0,0
2024-10-20,EcoFit Smart Bottle,Sunday,241.0,270.0,65070.0,4583.67,110.4,45.1,0,1
2024-10-21,EcoFit Smart Bottle,Monday,233.0,270.0,62910.0,4283.11,110.5,52.0,0,1
2024-10-22,EcoFit Smart Bottle,Tuesday,237.0,270.0,63990.0,13581.8,110.8,77.6,0,1
2024-10-23,EcoFit Smart Bottle,Wednesday,257.0,270.0,69390.0,5946.06,110.4,50.3,0,1
2024-10-24,EcoFit Smart Bottle,Thursday,262.0,270.0,70740.0,4423.1,110.6,45.8,0,1
2024-10-25,EcoFit Smart Bottle,Friday,212.0,270.0,57240.0,2948.91,110.2,46.8,0,0
2024-10-26,EcoFit Smart Bottle,Saturday,223.0,270.0,60210.0,2407.13,109.9,56.3,0,0
2024-10-27,EcoFit Smart Bottle,Sunday,212.0,270.0,57240.0,8426.06,110.2,61.8,0,0
2024-10-28,EcoFit Smart Bottle,Monday,191.0,270.0,51570.0,2983.83,110.4,42.5,1,0
2024-10-29,EcoFit Smart Bottle,Tuesday,191.0,270.0,51570.0,2642.73,110.3,53.5,0,0
2024-10-30,EcoFit Smart Bottle,Wednesday,182.0,270.0,49140.0,2746.27,109.6,38.1,0,0
2024-10-31,EcoFit Smart Bottle,Thursday,166.0,270.0,44820.0,3140.38,109.0,57.7,0,0
2024-11-01,EcoFit Smart Bottle,Friday,197.0,270.0,53190.0,2693.49,109.1,50.3,0,0
2024-11-02,EcoFit Smart Bottle,Saturday,214.0,270.0,57780.0,5587.06,109.6,60.6,0,0
2024-11-03,EcoFit Smart Bottle,Sunday,236.0,270.0,63720.0,2320.93,108.9,36.9,0,0
2024-11-04,EcoFit Smart Bottle,Monday,191.0,270.0,51570.0,4098.05,108.4,49.5,0,0
2024-11-05,EcoFit Smart Bottle,Tuesday,175.0,270.0,47250.0,3641.59,108.5,47.0,0,0
2024-11-06,EcoFit Smart Bottle,Wednesday,190.0,270.0,51300.0,5929.51,108.5,47.1,0,0
2024-11-07,EcoFit Smart Bottle,Thursday,231.0,270.0,62370.0,2448.16,107.6,38.6,1,0
2024-11-08,EcoFit Smart Bottle,Friday,198.0,270.0,53460.0,3591.42,107.7,49.9,0,0
2024-11-09,EcoFit Smart Bottle,Saturday,214.0,270.0,57780.0,22596.53,107.3,88.3,0,0
2024-11-10,EcoFit Smart Bottle,Sunday,277.0,270.0,74790.0,5462.03,108.3,57.5,0,0
2024-11-11,EcoFit Smart Bottle,Monday,214.0,270.0,57780.0,5268.29,108.4,48.0,0,0
2024-11-12,EcoFit Smart Bottle,Tuesday,199.0,270.0,53730.0,3031.61,108.7,45.3,0,0
2024-11-13,EcoFit Smart Bottle,Wednesday,174.0,270.0,46980.0,2683.55,109.0,38.3,0,0
2024-11-14,EcoFit Smart Bottle,Thursday,230.0,270.0,62100.0,4674.57,108.2,56.9,1,0
2024-11-15,EcoFit Smart Bottle,Friday,206.0,270.0,55620.0,5717.5,109.4,51.6,0,0
2024-11-16,EcoFit Smart Bottle,Saturday,234.0,270.0,63180.0,4227.05,108.4,51.8,0,0
2024-11-17,EcoFit Smart Bottle,Sunday,241.0,270.0,65070.0,4286.45,108.9,52.1,1,0
2024-11-18,EcoFit Smart Bottle,Monday,225.0,270.0,60750.0,9198.31,109.3,65.4,1,0
2024-11-19,EcoFit Smart Bottle,Tuesday,223.0,270.0,60210.0,5077.97,109.0,45.6,0,0
2024-11-20,EcoFit Smart Bottle,Wednesday,201.0,270.0,54270.0,2748.17,109.4,48.6,0,0
2024-11-21,EcoFit Smart Bottle,Thursday,186.0,270.0,50220.0,3294.72,109.2,46.1,0,0
2024-11-22,EcoFit Smart Bottle,Friday,190.0,270.0,51300.0,3701.75,108.8,57.5,0,0
2024-11-23,EcoFit Smart Bottle,Saturday,244.0,270.0,65880.0,4030.44,109.1,43.4,1,0
2024-11-24,EcoFit Smart Bottle,Sunday,218.0,270.0,58860.0,2969.64,108.5,51.3,0,0
2024-11-25,EcoFit Smart Bottle,Monday,193.0,270.0,52110.0,2459.35,108.3,46.2,0,0
2024-11-26,EcoFit Smart Bottle,Tuesday,178.0,270.0,48060.0,4442.48,108.0,49.9,0,0
2024-11-27,EcoFit Smart Bottle,Wednesday,189.0,270.0,51030.0,3154.52,107.8,46.1,0,0
2024-11-28,EcoFit Smart Bottle,Thursday,186.0,270.0,50220.0,4324.95,108.0,54.9,0,0
2024-11-29,EcoFit Smart Bottle,Friday,199.0,270.0,53730.0,2617.45,107.7,46.1,0,0
2024-11-30,EcoFit Smart Bottle,Saturday,215.0,270.0,58050.0,3924.56,107.6,39.7,0,0
2024-12-01,EcoFit Smart Bottle,Sunday,199.0,270.0,53730.0,4130.36,107.3,53.9,0,0
2024-12-02,EcoFit Smart Bottle,Monday,236.0,270.0,63720.0,2207.29,108.1,49.1,1,0
2024-12-03,EcoFit Smart Bottle,Tuesday,175.0,270.0,47250.0,3346.42,108.3,49.2,0,0
2024-12-04,EcoFit Smart Bottle,Wednesday,193.0,270.0,52110.0,2537.66,108.5,39.0,0,0
2024-12-05,EcoFit Smart Bottle,Thursday,175.0,270.0,47250.0,2253.5,108.9,39.2,0,0
2024-12-06,EcoFit Smart Bottle,Friday,215.0,270.0,58050.0,5959.84,108.5,42.1,1,0
2024-12-07,EcoFit Smart Bottle,Saturday,251.0,270.0,67770.0,3289.42,109.0,48.5,1,0
2024-12-08,EcoFit Smart Bottle,Sunday,231.0,270.0,62370.0,5239.5,109.2,43.4,1,0
2024-12-09,EcoFit Smart Bottle,Monday,192.0,270.0,51840.0,3018.56,108.3,37.1,0,0
2024-12-10,EcoFit Smart Bottle,Tuesday,183.0,270.0,49410.0,4726.01,107.5,55.5,0,0
2024-12-11,EcoFit Smart Bottle,Wednesday,179.0,270.0,48330.0,5040.91,107.1,53.7,0,0
2024-12-12,EcoFit Smart Bottle,Thursday,200.0,270.0,54000.0,4382.55,106.3,46.9,0,0
2024-12-13,EcoFit Smart Bottle,Friday,216.0,270.0,58320.0,3886.3,106.2,46.9,0,0
2024-12-14,EcoFit Smart Bottle,Saturday,269.0,270.0,72630.0,3647.36,105.6,35.1,1,0
2024-12-15,EcoFit Smart Bottle,Sunday,211.0,270.0,56970.0,3395.47,105.5,51.3,0,0
2024-12-16,EcoFit Smart Bottle,Monday,177.0,270.0,47790.0,5718.12,106.4,47.9,0,0
2024-12-17,EcoFit Smart Bottle,Tuesday,204.0,270.0,55080.0,5322.48,106.3,52.3,0,0
2024-12-18,EcoFit Smart Bottle,Wednesday,198.0,270.0,53460.0,5860.11,106.1,39.3,0,0
2024-12-19,EcoFit Smart Bottle,Thursday,187.0,270.0,50490.0,2497.19,106.4,50.0,0,0
2024-12-20,EcoFit Smart Bottle,Friday,198.0,270.0,53460.0,4923.47,106.0,46.3,0,0
2024-12-21,EcoFit Smart Bottle,Saturday,226.0,270.0,61020.0,5753.36,106.5,44.9,0,0
2024-12-22,EcoFit Smart Bottle,Sunday,233.0,270.0,62910.0,2724.93,106.8,44.1,0,0
2024-12-23,EcoFit Smart Bottle,Monday,179.0,270.0,48330.0,2265.99,106.8,42.0,0,0
2024-12-24,EcoFit Smart Bottle,Tuesday,154.0,270.0,41580.0,4964.48,106.9,55.8,0,0
2024-12-25,EcoFit Smart Bottle,Wednesday,225.0,270.0,60750.0,4297.89,108.1,47.0,0,1
2024-12-26,EcoFit Smart Bottle,Thursday,205.0,270.0,55350.0,5367.32,108.7,58.2,0,0
2024-12-27,EcoFit Smart Bottle,Friday,201.0,270.0,54270.0,2559.09,110.0,47.5,0,0
2024-12-28,EcoFit Smart Bottle,Saturday,250.0,270.0,67500.0,5181.07,110.3,55.6,1,0
2024-12-29,EcoFit Smart Bottle,Sunday,246.0,270.0,66420.0,2806.51,109.4,46.5,0,0
2024-12-30,EcoFit Smart Bottle,Monday,194.0,270.0,52380.0,2654.62,109.3,52.7,0,0
